link_height,news_about,news_add
NULL,"<p style=""text-align: center;"">\r\n\t<span style=""font-size:18px;""><img alt=""大氣海洋局105下半年勤務隊懇親會合影"" src=""/mno/upload/images/大氣海洋局105下半年勤務隊懇親會合影.jpg"" style=""width: 600px; height: 333px;"" /><br />\r\n\t大氣海洋局105下半年勤務隊懇親會合影</span></p>\r\n<p style=""text-align: center;"">\r\n\t<span style=""font-size:18px;""><img alt=""官兵引導家屬參觀南海館"" src=""/mno/upload/images/官兵引導家屬參觀南海館.jpg"" style=""width: 600px; height: 400px;"" /><br />\r\n\t官兵引導家屬參觀南海館</span></p>\r\n<p style=""text-align: center;"">\r\n\t<span style=""font-size:18px;""><img alt=""洪隊長率副隊長及輔導長向家屬敬酒致意"" src=""/mno/upload/images/洪隊長率副隊長及輔導長向家屬敬酒致意.jpg"" style=""width: 600px; height: 400px;"" /><br />\r\n\t洪隊長率副隊長及輔導長向家屬敬酒致意</span></p>\r\n<p style=""text-align: center;"">\r\n\t\xa0</p>\r\n<p>\r\n\t<span style=""font-size:18px;""><span style=""color: rgb(0, 0, 0); font-family: 微軟正黑體;"">為增進親子感情融洽，營造單位一家親之和諧氣氛，大氣海洋局氣象測量勤務隊日前舉辦官兵家屬懇親活動，由隊長洪少校主持，官兵暨家屬計一百二十餘人參加。</span><br style=""box-sizing: border-box; color: rgb(0, 0, 0); font-family: 微軟正黑體; font-size: 18px;"" />\r\n\t<span style=""color: rgb(0, 0, 0); font-family: 微軟正黑體;"">\xa0 \xa0 活動一開始，洪隊長首先對到訪家屬表達歡迎之意，並針對單位任務特性、官兵生活輔導與管理、家屬與部隊聯繫方式等各項重要宣導事項實施簡報，希望藉此活動與各位眷屬拉近距離，讓大家瞭解官兵同仁的工作環境及生活作息，同時讓大家更進一步的瞭解本軍，進而支持海軍、加入海軍。接著，由官兵引導家屬前往隊史館、南海館參觀；另外本次活動先期安排軍眷協助本隊拍攝「家屬對子女加油打氣」的影片，播放時讓現場不知情的官兵十分感動與溫馨。</span><br style=""box-sizing: border-box; color: rgb(0, 0, 0); font-family: 微軟正黑體; font-size: 18px;"" />\r\n\t<span style=""color: rgb(0, 0, 0); font-family: 微軟正黑體;"">最後，洪隊長再次感謝家屬撥冗參加本次活動，期望與本隊幹部保持聯繫並鼓勵親友其子弟共同加入海軍大家庭。</span></span></p>\r\n",2017-01-06 14:31:57
NULL,"<p style=""text-align: center;"">\r\n\t<span style=""font-size:18px;"">\xa0 \xa0 <img alt=""四草大眾廟前合影"" src=""/mno/upload/images/105-11-19海軍大氣海洋局辦理軍士官團教育暨自強活動-1.JPG"" style=""width: 600px; height: 400px;"" /></span></p>\r\n<p style=""text-align: center;"">\r\n\t\xa0</p>\r\n<p style=""text-align: center;"">\r\n\t<span style=""font-size:18px;"">全局於四草大眾廟前合影</span></p>\r\n<p style=""text-align: center;"">\r\n\t\xa0</p>\r\n<p style=""text-align: center;"">\r\n\t<span style=""font-size:18px;""><img alt=""奇美博物館前合影"" src=""/mno/upload/images/105-11-19海軍大氣海洋局辦理軍士官團教育暨自強活動-2.JPG"" style=""width: 600px; height: 450px;"" /></span><br />\r\n\t\xa0</p>\r\n<p style=""text-align: center;"">\r\n\t<span style=""font-size:18px;"">全局於奇美博物館前合影</span></p>\r\n<p style=""text-align: center;"">\r\n\t\xa0</p>\r\n<p style=""text-align: center;"">\r\n\t<span style=""font-size:18px;""><img alt=""參加本次活動之士兵合影"" src=""/mno/upload/images/3.JPG"" style=""width: 600px; height: 400px;"" /></span><br />\r\n\t\xa0</p>\r\n<p style=""text-align: center;"">\r\n\t<span style=""font-size:18px;"">大氣局同仁於四草文史生態園區合影</span></p>\r\n<p style=""text-align: center;"">\r\n\t\xa0</p>\r\n<p style=""text-align: center;"">\r\n\t<span style=""font-size:18px;""><img alt=""官兵於四草大眾廟前合影"" src=""/mno/upload/images/4.JPG"" style=""width: 600px; height: 400px;"" /></span><br />\r\n\t\xa0</p>\r\n<p style=""text-align: center;"">\r\n\t<span style=""font-size:18px;"">大氣局同仁於四草文史生態園區合影</span></p>\r\n<p style=""text-align: center;"">\r\n\t\xa0</p>\r\n<p style=""text-align: center;"">\r\n\t<span style=""font-size:18px;""><img alt=""局長與處長、科長搭乘竹筏合影"" src=""/mno/upload/images/5.JPG"" style=""width: 600px; height: 450px;"" /></span><br />\r\n\t\xa0</p>\r\n<p style=""text-align: center;"">\r\n\t<span style=""font-size:18px;"">崔局長、莊處長及滕科長搭乘遊船合影</span></p>\r\n<p style=""text-align: center;"">\r\n\t\xa0</p>\r\n<p style=""text-align: center;"">\r\n\t<span style=""font-size:18px;""><img alt=""局長及處長、科長於奇美博物館前合影"" src=""/mno/upload/images/6.jpg"" style=""width: 600px; height: 338px;"" /></span><br />\r\n\t\xa0</p>\r\n<p style=""text-align: center;"">\r\n\t<span style=""font-size:18px;"">崔局長、莊處長及林科長於奇美博物館前合影</span></p>\r\n<p style=""text-align: center;"">\r\n\t\xa0</p>\r\n<p style=""text-align: center;"">\r\n\t<span style=""font-size:18px;""><img alt=""聘僱大姐合影"" src=""/mno/upload/images/8.JPG"" style=""width: 600px; height: 450px;"" /></span></p>\r\n<p style=""text-align: center;"">\r\n\t\xa0</p>\r\n<p style=""text-align: center;"">\r\n\t<span style=""font-size:18px;"">大氣局同仁於四草文史生態園區合影</span></p>\r\n<p>\r\n\t\xa0</p>\r\n<p>\r\n\t\xa0</p>\r\n<p>\r\n\t\xa0</p>\r\n<p>\r\n\t<span style=""font-size:18px;"">\xa0 \xa0 為提升人文素養、增廣知識見聞，同時凝聚單位向心，海軍大氣海洋局日前於11月15日辦理「105年軍士官團教育暨自強活動」，由局長崔上校率全局一行共一百二十員參加，分別赴台南「四草文史生態區」及「奇美博物館」實施參訪及教學活動。</span></p>\r\n<p>\r\n\t<span style=""font-size:18px;"">　是日，崔局長一行首先前往號稱「台灣亞馬遜」的四草文史生態區，搭乘竹筏遊歷由五種珍貴紅樹林交織結合而成的綠色隧道，透由導覽人員的精闢解說，讓全體官兵同仁於飽覽世外桃源般的絕美景色同時，對前人的歷史遺跡亦有著緬懷與遙祭，更充分結合了該局觀測潮間帶潮汐、地質與岸線之測量專業方面。隨後，官兵同仁們參觀了「抹香鯨陳列館」，館內除陳展國內最大、最完整之抹香鯨母子標本，更展示了數以百計的海中生物及「討海人」的生活器具，令人大開眼界。接著，在崔局長的率領下，官兵同仁們皆雙手合十、以最虔誠的心，向鎮守四草大眾廟的鎮海元帥祈求國泰民安、局運昌隆。</span></p>\r\n<p>\r\n\t<span style=""font-size:18px;"">\xa0 \xa0 午餐後，接著轉往有台南「小白宮」美稱的「奇美博物館」，甫至博物館入口，官兵同仁們即受「阿波羅噴泉廣場」及「奧林帕斯橋」的眾神所吸引，精緻的雕功、生動的肢體動作與面部表情，都成為官兵們攝影留念的最佳背景。進入寬敞的博物館內，官兵同仁們首先置身猶如「動物星球」般的「動物廳」裡觀賞各地珍奇異獸，隨即在「羅丹廳」裡見證了偉大雕塑家的傳奇與不朽鉅作、「兵器廳」裡則看見了何謂戰爭下的兵工藝術與武裝美學、「藝術廳」的曠世畫作與「樂器廳」裡震撼人心的交響樂曲，都是令官兵們駐足再三、回味無窮的極致藝術。</span></p>\r\n<p>\r\n\t<span style=""font-size:18px;"">\xa0 \xa0 最後，崔局長在結束前給大家勛勉提到：「軍士官團教育暨自強活動之目的，是為使官兵同仁們於造訪名勝、徜徉自然的同時，藉以吸收新知，並有效調劑身心、增進同袍情誼，達成寓教於樂之目標。」也為此一活動畫下一完美之句點。</span></p>\r\n<div>\r\n\t\xa0</div>\r\n",2017-01-08 11:30:18
NULL,"<p>\r\n\t\xa0</p>\r\n<p style=""text-align: center;"">\r\n\t<span style=""font-size:18px;""><img alt=""大合影"" src=""/mno/upload/images/105-10-31海軍大氣海洋局辦理國立中山大學附屬國光高級中學蒞局參訪活動-2.JPG"" style=""width: 600px; height: 450px;"" /><br />\r\n\t國立中山大學附屬國光高級中學蒞局參訪活動-1</span></p>\r\n<p style=""text-align: center;"">\r\n\t<span style=""font-size:18px;""><img alt=""處長致贈紀念品"" src=""/mno/upload/images/105-10-31海軍大氣海洋局辦理國立中山大學附屬國光高級中學蒞局參訪活動-3.JPG"" style=""height: 450px; width: 600px;"" /><br />\r\n\t國立中山大學附屬國光高級中學蒞局參訪活動-2</span></p>\r\n<p style=""text-align: center;"">\r\n\t<span style=""font-size:18px;""><img alt=""官兵與同學於觀測車前合影"" src=""/mno/upload/images/IMG_0344.JPG"" style=""height: 450px; width: 600px;"" /><br />\r\n\t國立中山大學附屬國光高級中學蒞局參訪活動-3</span></p>\r\n<p style=""text-align: center;"">\r\n\t<span style=""font-size:18px;""><img alt=""國光高中同學與膠舟合影"" src=""/mno/upload/images/IMG_0393.JPG"" style=""width: 600px; height: 450px;"" /></span></p>\r\n<p style=""text-align: center;"">\r\n\t<span style=""font-size:18px;"">國立中山大學附屬國光高級中學蒞局參訪活動-4</span></p>\r\n<p style=""text-align: center;"">\r\n\t\xa0</p>\r\n<p>\r\n\t<span style=""font-size:18px;"">\xa0 海軍大氣海洋局日前假青天營區辦理國立中山大學附屬國光高級中學蒞局參訪活動，由政戰處長莊中校主持。</span></p>\r\n<p>\r\n\t<span style=""font-size:18px;"">\xa0 首先，莊處長於致詞時表示，誠摯歡迎該校師生配合「動手玩科學」課程蒞局實施教學與參訪，期許同學們能從中汲取新知，並對海軍專業單位有更深層之認識。隨後，透由任務特性影片簡介時機，實施人才招募宣導。接著，由引導人員帶領同學們赴各裝備陳展區實施參訪，透過解說人員深入淺出、生動活潑的介紹，使渠等對各項氣象測量裝備之功能及用途，均有初步瞭解與體認，現場互動氣氛熱絡。</span></p>\r\n<p>\r\n\t<span style=""font-size:18px;"">\xa0 最後，師生們帶著歡欣的心情與本局官兵合影留念，並期待再次聚首，歷時一小時圓滿結束。</span></p>\r\n",2017-01-08 14:39:04
NULL,"<p style=""text-align: center;"">\r\n\t<span style=""font-size:18px;""><img alt=""報佳音人事室"" src=""/mno/upload/images/DSCN4781.JPG"" style=""width: 600px; height: 450px;"" /><br />\r\n\t海軍大氣海洋局舉辦聖誕節報佳音暨祈願點燈活動-1</span></p>\r\n<p style=""text-align: center;"">\r\n\t<span style=""font-size:18px;""><img alt=""報佳音圖庫"" src=""/mno/upload/images/DSCN4788.JPG"" style=""width: 600px; height: 450px;"" /><br />\r\n\t海軍大氣海洋局舉辦聖誕節報佳音暨祈願點燈活動-2</span></p>\r\n<p style=""text-align: center;"">\r\n\t<span style=""font-size:18px;""><img alt=""報佳音航圖科"" src=""/mno/upload/images/DSCN4806.JPG"" style=""width: 600px; height: 450px;"" /><br />\r\n\t海軍大氣海洋局舉辦聖誕節報佳音暨祈願點燈活動-3</span></p>\r\n<p style=""text-align: center;"">\r\n\t<span style=""font-size:18px;""><img alt=""局長、處長及科長報佳音活動"" src=""/mno/upload/images/IMG_2425.JPG"" style=""width: 600px; height: 450px;"" /><br />\r\n\t海軍大氣海洋局舉辦聖誕節報佳音暨祈願點燈活動-4</span></p>\r\n<p style=""text-align: center;"">\r\n\t<span style=""font-size:18px;""><img alt=""政戰官及輔導長報佳音"" src=""/mno/upload/images/IMG_2615.JPG"" style=""width: 600px; height: 450px;"" /><br />\r\n\t海軍大氣海洋局舉辦聖誕節報佳音暨祈願點燈活動-5</span></p>\r\n<p style=""text-align: center;"">\r\n\t<span style=""font-size:18px;""><img alt=""局長與祈願樹合影"" src=""/mno/upload/images/IMG_2744.JPG"" style=""width: 600px; height: 450px;"" /><br />\r\n\t海軍大氣海洋局舉辦聖誕節報佳音暨祈願點燈活動-6</span></p>\r\n<div>\r\n\t<span style=""font-size:18px;"">\xa0 \xa0 \xa0 \xa0 為使官兵感受聖誕佳節氣氛，同時凝聚單位向心，海軍大氣海洋局日前舉辦聖誕節報佳音暨祈願點燈活動，由局長崔上校主持。</span></div>\r\n<div>\r\n\t<span style=""font-size:18px;"">是日上午，首先由所屬氣象測量勤務隊輔導長蔡上尉率領「大氣聖誕佳音團」赴各部位向堅守崗位的官兵同仁們獻上祝福，在佳音團官兵精心打扮的聖誕老人與喜感十足的麋鹿們載歌載舞的帶動下，所到之處皆受到官兵同仁們熱情歡迎，聖誕老人並將代表歡樂幸福的聖誕糖與驚喜包發送至每位官兵同仁，渠等更爭相與佳音團合影留念，現場氣氛好不熱絡。</span></div>\r\n<div>\r\n\t<span style=""font-size:18px;"">隨後，在「大氣聖誕佳音團」溫馨動人的聖誕歌聲與官兵同仁們歡愉高昂的倒數聲中，崔局長親自點亮了璀璨的聖誕燈飾，同時帶領官兵同仁們將祈願小卡繫於聖誕樹，為單位與彼此獻上最誠摯的祝福。</span></div>\r\n<div>\r\n\t<span style=""font-size:18px;"">\xa0 \xa0 \xa0 \xa0 最後，崔局長逐一向官兵同仁們寒暄問暖，並互道佳節愉快，期許官兵同仁們能渡過一個幸福滿溢、溫馨難忘的聖誕佳節，活動在充滿驚喜彩帶的拉炮聲中圓滿結束。</span></div>\r\n<div>\r\n\t\xa0</div>\r\n",2017-01-13 13:46:49
NULL,"<p style=""text-align: center;"">\r\n\t<span style=""font-size:18px;""><img alt=""海軍大氣海洋局辦理榮退人員歡送茶會-戴志強中校"" src=""/mno/upload/images/IMG_2701.JPG"" style=""width: 600px; height: 450px;"" /><br />\r\n\t海軍大氣海洋局辦理榮退人員歡送茶會</span></p>\r\n<div>\r\n\t<span style=""font-size:18px;"">\xa0 \xa0 \xa0 \xa0 為表彰退伍人員卓越貢獻，同時凝聚單位團結向心，大氣海洋局日前辦理戰場資訊科科長戴志強中校榮退歡送茶會，由局長崔上校主持，官兵計六十餘員參加。</span></div>\r\n<div>\r\n\t<span style=""font-size:18px;"">崔局長首先對戴科長服役於本局期間的辛勤付出與犧牲奉獻表達肯定與感佩，特致贈象徵「一日大海人，終身大海人」的榮耀船舵予戴科長，隨後，戴科長於發表退伍感言時表示，衷心感謝海軍的栽培與照顧，二十一年的軍旅生涯中，充滿著許多酸甜苦辣及令人印象深刻的經典畫面與難忘時刻，重要的是，能結交許多意氣相投、親如手足的兄弟姐妹，實備感榮幸。戴科長並勉勵後進人員發揮同舟共濟的錨鍊精神，使單位在既有的優良傳統下更加成長與茁壯。接著，茶會開始，官兵們紛紛與戴科長閒話家常，同時表達祝福與不捨之意。</span></div>\r\n<div>\r\n\t<span style=""font-size:18px;"">\xa0 \xa0 \xa0 \xa0 最後，崔局長除對戴科長在卸下戎裝，即將展開人生下一段旅程，表達祝福與關懷，並率與會官兵共同舉杯，祝賀其一帆風順，鵬程萬里，歡送茶會在溫馨感人與離情依依的氣氛中圓滿結束。</span></div>\r\n<div>\r\n\t\xa0</div>\r\n",2017-01-13 13:51:44
NULL,"<div style=""text-align: center;"">\r\n\t<img alt=""司令黃上將於貴賓室接見各級幹部"" src=""/mno/upload/images/IMG_8648.JPG"" style=""width: 600px; height: 450px;"" />\xa0 \xa0<br />\r\n\t司令黃上將蒞大氣海洋局實施戰備視導暨士官兵座談-1</div>\r\n<div style=""text-align: center;"">\r\n\t\xa0</div>\r\n<div style=""text-align: center;"">\r\n\t<img alt=""司令黃上將於會議室聽取簡報"" src=""/mno/upload/images/IMG_8668.JPG"" style=""width: 600px; height: 450px;"" /><br />\r\n\t司令黃上將蒞大氣海洋局實施戰備視導暨士官兵座談-2</div>\r\n<div style=""text-align: center;"">\r\n\t\xa0</div>\r\n<div>\r\n\t\xa0</div>\r\n<div>\r\n\t\xa0 \xa0 為深入瞭解基層單位戰備整備及裝備保養情形，同時與官兵進行意見交流，司令黃上將日前蒞抵大氣海洋局實施戰備視導暨士官兵座談。</div>\r\n<div>\r\n\t司令黃上將首先聽取單位目前執行工作、任務編組及未來重要工作簡報，並實際瞭解該局氣象預報及海道測量等工作執行情形。司令黃上將除肯定該局官兵專業精進、訓練有素外，並特別提出「強化領導統御，健全內部管理」、「加強人員訓練，落實合格簽證」、「發揮氣象專業，有效協同作戰」、「精進士官制度，發揮專長學養」、「積極招募工作，廣納優秀人才」、「重視官兵福利，凝聚官兵向心」等六項指示，期勉全體官兵貫徹執行。</div>\r\n<div>\r\n\t\xa0 \xa0 隨後，司令黃上將與該局士官兵進行雙向座談，過程中，司令黃上將除實際聽取官兵對於工作、生活及任務之心得分享與窒礙問題，同時針對問題一一給予最圓滿之答覆，並期勉官兵應加強本職學能及專業能力，以發揮「即時預報，精準測量」之精神，有效支援艦隊戰訓任務。</div>\r\n<div>\r\n\t\xa0 \xa0 最後，司令黃上將再次肯定該局官兵戮力本務工作及各項任務之優異表現與辛勤付出，並頒發團體獎勵金，慰勉官兵辛勞，同時期勉全體官兵在既有優良基礎下，賡續發揮堅實戰力與忠義軍風，爭取最高榮譽，再創單位新猷。</div>\r\n<div>\r\n\t\xa0</div>\r\n",2017-03-09 10:03:39
480,"<p>\r\n\t<span style=""color: rgb(51, 51, 51); font-family: Roboto, arial, sans-serif; font-size: 13px;"">2017 海軍大氣海洋局 賀春短片</span><br />\r\n\t<span style=""font-size:16px;""><a href=""https://youtu.be/kinsJMJfNJQ"">雞鳴探空展新猷</a></span></p>\r\n",2017-01-27 08:37:55
NULL,"<p style=""text-align: center;"">\r\n\t<span style=""font-size:18px;""><img alt=""競賽大合照"" src=""/mno/upload/images/IMG_1236.JPG"" style=""width: 600px; height: 400px;"" /><br />\r\n\t106年氣象測量技勤競賽大合照</span><br />\r\n\t<br />\r\n\t\xa0</p>\r\n<p style=""text-align: center;"">\r\n\t<span style=""font-size:18px;""><img alt=""局長精神講話"" src=""/mno/upload/images/IMG_8881.JPG"" style=""width: 600px; height: 450px;"" /><br />\r\n\t106年氣象測量技勤競賽局長精神講話</span><br />\r\n\t\xa0</p>\r\n<p style=""text-align: center;"">\r\n\t<span style=""font-size:18px;""><img alt=""測量競賽實況"" src=""/mno/upload/images/DSCN0028.JPG"" style=""width: 600px; height: 450px;"" /><br />\r\n\t106年氣象測量技勤競賽實況-1</span><br />\r\n\t\xa0</p>\r\n<p style=""text-align: center;"">\r\n\t<span style=""font-size:18px;""><img alt=""氣象筆試競賽實況"" src=""/mno/upload/images/IMG_1277.JPG"" style=""width: 600px; height: 400px;"" /><br />\r\n\t106年氣象測量技勤競賽實況-2</span><br />\r\n\t\xa0</p>\r\n<p style=""text-align: center;"">\r\n\t<span style=""font-size:18px;""><img alt=""氣象競賽實況"" src=""/mno/upload/images/DSCN0048.JPG"" style=""width: 400px; height: 533px;"" /><br />\r\n\t106年氣象測量技勤競賽實況-3</span></p>\r\n<p style=""text-align: center;"">\r\n\t\xa0</p>\r\n<div>\r\n\t<span style=""font-size:18px;"">\xa0 \xa0 為強化海道測量、氣象觀測等專業技能，大氣海洋局日前辦理106年氣象測量技勤競賽，由局長崔上校主持，官兵計七十餘員參賽。</span></div>\r\n<div>\r\n\t<span style=""font-size:18px;"">\xa0 \xa0 首先，崔局長於精神動員時表示，辦理氣象測量技勤競賽之目的，係為強化官兵本職學能，同時驗證官兵對氣象測量工作之計畫、領導及執行作業能力，崔局長並期勉參賽官兵發揮同舟共濟、互助合作精神，依配賦區域及規定期程完成氣象觀測與測量繪製測驗，各評審委員將依參賽團隊之「蒐整資料周延性」與「測量數據精準性」等二項指標實施評分，評比績優人員將於「青天英雄榜」上名留青史。</span></div>\r\n<div>\r\n\t<span style=""font-size:18px;"">\xa0 \xa0 最後，崔局長強調，本局為我國研製海圖、出版航安刊物及發布航船布告之專業單位，測繪專業技術更攸關國家經建與海上航行安全，期勉參賽官兵秉持「擴大格局視野」、「鑽研科學技術」與「精進外語能力」為核心目標，不斷精增本職學能，求精求實，為國軍奉獻心力，發揚「大海人」之忠義軍風。</span></div>\r\n<div>\r\n\t\xa0</div>\r\n",2017-03-09 10:09:42
NULL,"<p style=""text-align: center;"">\r\n\t<span style=""font-size:18px;""><img alt=""局長崔上校與本月壽星人員合影"" src=""/mno/upload/images/IMG_8960.JPG"" style=""width: 600px; height: 450px;"" /><br />\r\n\t局長崔上校與本月壽星人員合影</span><br />\r\n\t\xa0</p>\r\n<p style=""text-align: center;"">\r\n\t<span style=""font-size:18px;""><img alt=""局長崔上校歡送前主計科長陳世昌中校並致贈榮耀船舵"" src=""/mno/upload/images/IMG_8926.JPG"" style=""width: 600px; height: 450px;"" /><br />\r\n\t局長崔上校歡送前主計科長陳世昌中校並致贈榮耀船舵</span><br />\r\n\t\xa0</p>\r\n<p style=""text-align: center;"">\r\n\t<span style=""font-size:18px;""><img alt=""局長崔上校歡送前資訊上士車柏緯並致贈榮耀船舵"" src=""/mno/upload/images/IMG_8927.JPG"" style=""width: 600px; height: 450px;"" /><br />\r\n\t局長崔上校歡送前資訊上士車柏緯並致贈榮耀船舵</span><br />\r\n\t\xa0</p>\r\n<p style=""text-align: center;"">\r\n\t<span style=""font-size:18px;""><img alt=""局長崔上校歡送前氣象中士雲永一並致贈榮耀船舵"" src=""/mno/upload/images/IMG_8929.JPG"" style=""width: 600px; height: 450px;"" /><br />\r\n\t局長崔上校歡送前氣象中士雲永一並致贈榮耀船舵</span><br />\r\n\t\xa0</p>\r\n<p style=""text-align: center;"">\r\n\t\xa0</p>\r\n<div>\r\n\t<span style=""font-size:18px;"">\xa0 \xa0 為表彰退伍人員卓越貢獻，同時慰勞官兵辛勞，海軍大氣海洋局日前假海光俱樂部中餐廳辦理歡送退伍人員暨2月份慶生餐會，由局長崔上校主持，官兵計100餘員參加。</span></div>\r\n<div>\r\n\t<span style=""font-size:18px;"">\xa0 \xa0 首先，崔局長對主計科科長陳中校、賀士官督導長、車上士與雲中士等四員服役於本局期間的辛勤付出與犧牲奉獻表達肯定與感佩，分別致贈渠等象徵「一日大海人，終身大海人」的榮耀船舵，隨後，退伍人員於發表退伍感言時均表示，衷心感謝海軍與大氣海洋局的栽培與照顧，並期許人生下一階段能發揮所長，持續秉持認真負責的「大海人」精神服務於社會。</span></div>\r\n<div>\r\n\t<span style=""font-size:18px;"">\xa0 \xa0 接著，崔局長率領全體官兵齊唱生日快樂歌，祝福壽星人員，並與渠等共同許願、吹蠟燭、切蛋糕，同時致贈生日禮品，場面歡欣愉悅。隨即在節目主持人生動活潑的帶動下，展開「大氣好聲音」歌唱表演，全體官兵均給予賣力演唱的官兵熱烈掌聲及歡呼，現場氣氛十分熱絡。席間，崔局長並偕政戰處長莊中校及賀士官督導長一一與官兵敬茶致意、寒暄問候。</span></div>\r\n<div>\r\n\t<span style=""font-size:18px;"">\xa0 \xa0 最後，崔局長率與會官兵共同舉杯，再次祝福退伍人員一帆風順，鵬程萬里，餐會在溫馨感人與離情依依的氣氛中圓滿結束。</span></div>\r\n<div>\r\n\t\xa0</div>\r\n",2017-03-09 10:19:33
NULL,"<p style=""text-align: center;"">\r\n\t<span style=""font-size:18px;""><img alt="""" src=""/mno/upload/images/IMG_9033.JPG"" style=""width: 600px; height: 450px;"" /><br />\r\n\t副局長孫上校主持二二八連續假期擴大離營教育-1</span><br />\r\n\t\xa0</p>\r\n<p style=""text-align: center;"">\r\n\t<span style=""font-size:18px;""><img alt="""" src=""/mno/upload/images/IMG_9056.JPG"" style=""width: 600px; height: 450px;"" /><br />\r\n\t副局長孫上校主持二二八連續假期擴大離營教育-2</span><br />\r\n\t\xa0</p>\r\n<div>\r\n\t<span style=""font-size:18px;"">\xa0 \xa0 海軍大氣海洋局日前實施二二八連續假期擴大離營教育，由副局長孫上校主持，官兵同仁計一百餘員參加。</span></div>\r\n<div>\r\n\t<span style=""font-size:18px;"">\xa0 \xa0 孫副局長首先針對近期軍紀重點及自傷案例實施宣教，強化官兵同仁法紀與懲處觀念。隨後，孫副局長並提出六項重要指示，要求全體官兵同仁務必遵行：一、防範酒後駕車，注意行車安全；二、切忌沾染毒品，落實尿液篩檢；三、慎防誘惑詐騙，避免不當借貸；四、強化家屬聯繫，依時安全回報；五、重視兩性關係，勿涉不良場所。六、切忌深夜遊蕩，慎防鬥毆事件。</span></div>\r\n<div>\r\n\t<span style=""font-size:18px;"">　最後，孫副局長再次期勉官兵同仁應妥善規劃假期，從事正當休閒活動，「快快樂樂休假，平平安安返營」，期達「零傷損、零違紀、零違法」之目標。</span></div>\r\n<div>\r\n\t\xa0</div>\r\n",2017-03-09 10:22:04
NULL,"<p>\r\n\t\xa0</p>\r\n<p style=""text-align: center;"">\r\n\t<span style=""font-size:18px;""><img alt=""各單位與會同仁上課與老師互動與提問"" src=""/mno/upload/images/DSCN5735.JPG"" style=""width: 600px; height: 450px;"" /><br />\r\n\t各單位與會同仁上課與老師互動與提問</span></p>\r\n<p style=""text-align: center;"">\r\n\t<span style=""font-size:18px;""><img alt=""崔局長課後贈與紀念品並與老師合影"" src=""/mno/upload/images/DSCN5741.jpg"" style=""width: 600px; height: 418px;"" /><br />\r\n\t崔局長課後贈與紀念品並與老師合影</span></p>\r\n<p>\r\n\t<span style=""font-size:18px;"">海軍大氣海洋局日前邀請國立中山大學亞太區域研究所郭育仁副教授蒞局實施「美日同盟的亞太戰略」課程講演，為使身為國軍的同仁能更了解對於亞洲地區國家周邊環境安全及因應詭譎多變的國際關係，並深入了解鄰國間的戰略方針，及如何隨著時間改變戰略，或從各國家合作關係中謀略對自己國家有利的做法。會前特邀海軍各單位同仁前來本局參加講演課程。演講過程中互動良好，頗受好評。</span></p>\r\n",2017-03-10 13:55:41
NULL,"<p style=""text-align: center;"">\r\n\t<span style=""font-size:18px;""><img alt=""海軍大氣海洋局95週年慶祝大會海報"" src=""/mno/upload/images/1488956040952.JPEG"" style=""width: 600px; height: 849px;"" /><br />\r\n\t海軍大氣海洋局95週年慶祝大會海報</span></p>\r\n<p style=""text-align: center;"">\r\n\t\xa0</p>\r\n<div>\r\n\t<span style=""font-size:18px;"">106年4月21日(星期五)海軍大氣海洋局95週年慶祝大會行程：</span></div>\r\n<div>\r\n\t<span style=""font-size:18px;"">0900-0930 \xa0恭迎，報到</span></div>\r\n<div>\r\n\t<span style=""font-size:18px;"">0930-1030 \xa095週年慶祝大會</span></div>\r\n<div>\r\n\t<span style=""font-size:18px;"">1030-1130 \xa0歷史回顧，靜態陳展</span></div>\r\n<div>\r\n\t<span style=""font-size:18px;"">1130-1250 \xa0慶祝餐會</span></div>\r\n<div>\r\n\t<span style=""font-size:18px;"">1250-1300 \xa0賦歸</span></div>\r\n<div>\r\n\t<span style=""font-size:18px;"">誠摯邀請前輩與同袍團圓回娘家，一起對海軍大氣海洋局說：「95歲生日快樂！」</span></div>\r\n<div>\r\n\t<span style=""font-size:18px;"">聯絡人：羅少校 \xa00921327758 lomifu0723@gmail.com</span></div>\r\n<div>\r\n\t<span style=""font-size:18px;"">\xa0 \xa0 \xa0 \xa0 \xa0 \xa0 \xa0 \xa0許少校 \xa00982515496 \xa0hisoka1211@gmail.com</span></div>\r\n<div>\r\n\t\xa0</div>\r\n<p>\r\n\t\xa0</p>\r\n",2017-03-10 13:58:55
NULL,"<p style=""text-align: center;"">\r\n\t<span style=""font-size:18px;""><img alt=""於貴賓室接見海巡署北部地區巡防局宋子陽副局長等人拜會"" src=""/mno/upload/images/1.jpg"" style=""width: 600px; height: 450px;"" /><br />\r\n\t於貴賓室接見海巡署北部地區巡防局宋子陽副局長等人拜會</span><br />\r\n\t\xa0</p>\r\n<p style=""text-align: center;"">\r\n\t<span style=""font-size:18px;""><img alt=""雙方相互交換禮品"" src=""/mno/upload/images/2.jpg"" style=""width: 600px; height: 450px;"" /><br />\r\n\t雙方相互交換禮品</span><br />\r\n\t\xa0</p>\r\n<p style=""text-align: center;"">\r\n\t<span style=""font-size:18px;""><img alt=""隊史館中展示海岸線測量及釋放探空氣球模型"" src=""/mno/upload/images/3.jpg"" style=""width: 600px; height: 450px;"" /><br />\r\n\t隊史館中展示海岸線測量及釋放探空氣球模型</span></p>\r\n<p>\r\n\t<br />\r\n\t<span style=""font-size:18px;"">日前(106.02.24)海軍大氣海洋局副局長孫上校於貴賓室接見海巡署北部地區巡防局宋子陽副局長拜會，為協調世界海洋日暨海安演習展覽，討論本局參展項目內容。本局先後展示ECDIS商用電子海圖系統及隊史館內海岸線測量及釋放探空氣球模型供參考。</span><br />\r\n\t\xa0</p>\r\n",2017-03-16 10:56:49
NULL,"<p style=""text-align: center;"">\r\n\t<span style=""font-size:18px;""><img alt=""局長蒞國立海洋科技大學海事資訊科技系演講"" src=""/mno/upload/images/1(1).jpg"" style=""width: 600px; height: 338px;"" /><br />\r\n\t局長蒞國立海洋科技大學海事資訊科技系演講</span><br />\r\n\t\xa0</p>\r\n<p style=""text-align: center;"">\r\n\t<span style=""font-size:18px;""><img alt=""雙方交換禮品"" src=""/mno/upload/images/2(1).jpg"" style=""width: 600px; height: 338px;"" /><br />\r\n\t雙方交換禮品</span><br />\r\n\t\xa0</p>\r\n<p style=""text-align: center;"">\r\n\t\xa0</p>\r\n<div>\r\n\t<span style=""font-size:18px;"">日前(106.03.08)國立高雄海洋科技大學邀請局長崔上校及科長黃振堂中校，蒞該校海事資訊科技系演講及洽談計畫合作事宜，海事資訊科技系羅德章系主任演講後並頒發本局感謝函。</span></div>\r\n<div>\r\n\t\xa0</div>\r\n",2017-03-16 10:59:00
NULL,"<p style=""text-align: center;"">\r\n\t<span style=""font-size:18px;""><img alt=""商討相關區域之海圖並討論海安操演區域水深測量之需求"" src=""/mno/upload/images/4.jpg"" style=""width: 600px; height: 339px;"" /><br />\r\n\t商討相關區域之海圖並討論海安操演區域水深測量之需求</span><br />\r\n\t\xa0</p>\r\n<p style=""text-align: center;"">\r\n\t<span style=""font-size:18px;""><img alt=""提供相關區域之海圖參考"" src=""/mno/upload/images/5.jpg"" style=""width: 600px; height: 339px;"" /><br />\r\n\t提供相關區域之海圖參考</span><br />\r\n\t\xa0</p>\r\n<p style=""text-align: center;"">\r\n\t\xa0</p>\r\n<p>\r\n\t<span style=""font-size:18px;"">日前(106.03.10)局長崔上校率科長黃振堂中校、水文官蔡博安少校及測量官余宗翰中尉至海岸巡防署巡防處拜會後勤處許敬芝少將，會中討論海安操演區域水深測量之需求，後續提供相關區域之海圖以利操演順遂，並研討將海巡署測量需求未來納入本局年度測量計畫。</span></p>\r\n",2017-03-16 11:00:31
NULL,"<p style=""text-align: center;"">\r\n\t<span style=""font-size:18px;""><img alt=""局長介紹本局業務及說明海圖內容說明會"" src=""/mno/upload/images/6(1).jpg"" style=""width: 600px; height: 338px;"" /><br />\r\n\t局長介紹本局業務及說明海圖內容說明會</span><br />\r\n\t\xa0</p>\r\n<p style=""text-align: center;"">\r\n\t<span style=""font-size:18px;""><img alt=""贈送水保處處長葉俊榮先生本局紀念硬幣合影"" src=""/mno/upload/images/7.jpg"" style=""width: 600px; height: 338px;"" /><br />\r\n\t贈送水保處處長葉俊榮先生本局紀念硬幣合影</span><br />\r\n\t\xa0</p>\r\n<p>\r\n\t<span style=""font-size:18px;"">日前(106.03.10)局長崔上校率科長黃振堂中校、水文官蔡博安少校及測量官余宗翰中尉至環保署拜會水保處處長葉俊榮先生，會中介紹本局業務及說明海圖內容，達觀軍艦任務簡介，並商討後續本局與該署業務交流事宜。</span></p>\r\n",2017-03-16 11:01:57
NULL,"<p>\r\n\t\xa0</p>\r\n<p style=""text-align: center;"">\r\n\t<span style=""font-size:18px;""><img alt=""交通部中央氣象局張修武副局長(圖中間)進行開幕式致詞"" src=""/mno/upload/images/106-03-081.jpg"" style=""width: 600px; height: 339px;"" /></span></p>\r\n<div style=""text-align: center;"">\r\n\t<span style=""font-size:18px;"">交通部中央氣象局張修武副局長(圖中間)進行開幕式致詞</span></div>\r\n<div style=""text-align: center;"">\r\n\t\xa0</div>\r\n<p>\r\n\t\xa0</p>\r\n<p style=""text-align: center;"">\r\n\t<span style=""font-size:18px;""><img alt=""數值預報科科長林彥岑中校(圖右二)與中央氣象局人員交流"" src=""/mno/upload/images/106-03-082.jpg"" style=""width: 600px; height: 339px;"" /></span></p>\r\n<div style=""text-align: center;"">\r\n\t<span style=""font-size:18px;"">數值預報科科長林彥岑中校(圖右二)與中央氣象局人員交流</span><br />\r\n\t\xa0</div>\r\n<div>\r\n\t<span style=""font-size:18px;"">日前(106.03.08)海軍大氣海洋局數值預報科科長林彥岑中校率戰場資訊科水文預報官蔡博安少校至中央氣象局南區氣象中心參加106年度氣象防災資訊應用研討會，會中探討地震與防災及中央氣象局劇烈天氣監測系統(QPESUMS)之防災應用。</span></div>\r\n",2017-03-22 10:54:59
NULL,"<p>\r\n\t\xa0</p>\r\n<p style=""text-align: center;"">\r\n\t<span style=""font-size:18px;""><img alt=""國立台灣大學大氣科學系張智北教授進行特邀演講"" src=""/mno/upload/images/1國立台灣大學大氣科學系張智北教授進行特邀演講1.jpg"" style=""width: 600px; height: 339px;"" /><br />\r\n\t國立台灣大學大氣科學系張智北教授進行特邀演講</span><br />\r\n\t\xa0</p>\r\n<p style=""text-align: center;"">\r\n\t<span style=""font-size:18px;""><img alt=""與理事長王寶貫主任及台灣大學大氣科學系劉廣英教授合影"" src=""/mno/upload/images/2與理事長王寶貫主任及台灣大學大氣科學系劉廣英教授合影.jpg"" style=""width: 600px; height: 339px;"" /><br />\r\n\t與理事長王寶貫主任及台灣大學大氣科學系劉廣英教授合影</span><br />\r\n\t\xa0</p>\r\n<p style=""text-align: center;"">\r\n\t<span style=""font-size:18px;""><img alt=""副局長孫上校與科技部自然司吳俊傑司長合影"" src=""/mno/upload/images/3副局長孫永大上校與科技部自然司吳俊傑司長合影.jpg"" style=""width: 600px; height: 339px;"" /><br />\r\n\t副局長孫上校與科技部自然司吳俊傑司長合影</span><br />\r\n\t\xa0</p>\r\n<p style=""text-align: center;"">\r\n\t<span style=""font-size:18px;""><img alt=""副局長孫上校與空軍氣象聯隊參謀長張文弘上校交流"" src=""/mno/upload/images/4副局長孫永大上校與空軍氣象聯隊參謀長張文弘上校交流.jpg"" style=""width: 600px; height: 339px;"" /><br />\r\n\t副局長孫上校與空軍氣象聯隊參謀長張文弘上校交流</span><br />\r\n\t\xa0</p>\r\n<p style=""text-align: center;"">\r\n\t<span style=""font-size:18px;""><img alt=""副局長孫上校與中央氣象局主任研究員盧孟明會士及台灣颱洪中心李清勝主任交流"" src=""/mno/upload/images/5副局長孫永大上校與中央氣象局主任研究員盧孟明會士及台灣颱洪中心李清勝主任交流.jpg"" style=""width: 600px; height: 339px;"" /><br />\r\n\t副局長孫上校與中央氣象局主任研究員盧孟明會士及台灣颱洪中心李清勝主任交流</span><br />\r\n\t\xa0</p>\r\n<p style=""text-align: center;"">\r\n\t<span style=""font-size:18px;""><img alt=""與中央氣象局主任研究員盧孟明會士合影"" src=""/mno/upload/images/6與中央氣象局主任研究員盧孟明會士合影.jpg"" style=""width: 600px; height: 339px;"" /><br />\r\n\t與中央氣象局主任研究員盧孟明會士合影</span><br />\r\n\t\xa0</p>\r\n<p style=""text-align: center;"">\r\n\t<span style=""font-size:18px;""><img alt=""副局長孫上校與前中正理工學院應物系魏志憲老師交流"" src=""/mno/upload/images/7副局長孫永大上校與前中正理工學院應物系魏志憲老師交流.jpg"" style=""width: 600px; height: 339px;"" /><br />\r\n\t副局長孫上校與前中正理工學院應物系魏志憲老師交流</span><br />\r\n\t\xa0</p>\r\n<p style=""text-align: center;"">\r\n\t<span style=""font-size:18px;""><img alt=""副局長孫上校與前空軍氣象聯隊楊忠權聯隊長交流"" src=""/mno/upload/images/8副局長孫永大上校與前空軍氣象聯隊楊忠權聯隊長交流.jpg"" style=""width: 600px; height: 339px;"" /><br />\r\n\t副局長孫上校與前空軍氣象聯隊楊忠權聯隊長交流</span><br />\r\n\t\xa0</p>\r\n<p style=""text-align: center;"">\r\n\t<span style=""font-size:18px;""><img alt=""與中央大學大氣科學系劉千義老師合影"" src=""/mno/upload/images/9與中央大學大氣科學系劉千義老師合影.jpg"" style=""width: 600px; height: 339px;"" /><br />\r\n\t與中央大學大氣科學系劉千義老師合影</span><br />\r\n\t\xa0</p>\r\n<p>\r\n\t\xa0</p>\r\n<p>\r\n\t<span style=""font-size:18px;"">日前(106.03.17)海軍大氣海洋局副局長孫永大上校率水文官蔡博安少校至交通部中央氣象局國際會議廳參加中華民國氣象學會106年會員(代表)大會，此次年會議程特邀國立台灣大學大氣科學系張智北教授進行講演，並頒發會士證書、舉行學術論文頒獎儀式，亦安排了中華民國氣象學會議題座談會。</span></p>\r\n",2017-03-22 11:00:48
NULL,"<p style=""text-align: center;"">\r\n\t<span style=""font-size:18px;""><img alt=""參觀美國研究船RV/Roger Revelle之主要實驗室"" src=""/mno/upload/images/1489984531846.jpg"" style=""width: 600px; height: 450px;"" /><br />\r\n\t參觀美國研究船R/V Roger Revelle之主要實驗室</span><br />\r\n\t\xa0</p>\r\n<p style=""text-align: center;"">\r\n\t<span style=""font-size:18px;""><img alt=""參訪人員與艦長Chris Curl及首席科學家Louis St. Laurent合影"" src=""/mno/upload/images/1489984546865.jpg"" style=""width: 600px; height: 450px;"" /><br />\r\n\t參訪人員與艦長Chris Curl及首席科學家Dr.Luc Rainville合影</span><br />\r\n\t\xa0</p>\r\n<p style=""text-align: center;"">\r\n\t<span style=""font-size:18px;""><img alt=""副局長孫上校贈送艦長Chris Curl本局筆記本及紀念硬幣"" src=""/mno/upload/images/1489984544620.jpg"" style=""width: 600px; height: 450px;"" /><br />\r\n\t副局長孫上校贈送艦長Chris Curl本局筆記本及紀念硬幣</span><br />\r\n\t\xa0</p>\r\n<p style=""text-align: center;"">\r\n\t<span style=""font-size:18px;""><img alt=""贈送首席科家Louis St. Laurent本局筆記本及紀念硬幣"" src=""/mno/upload/images/1489984542477.jpg"" style=""width: 600px; height: 450px;"" /><br />\r\n\t贈送首席科家</span><span style=""font-size: 18px;"">Dr.Luc Rainville</span><span style=""font-size:18px;"">本局筆記本及紀念硬幣</span><br />\r\n\t\xa0</p>\r\n<p style=""text-align: center;"">\r\n\t<span style=""font-size:18px;""><img alt=""參訪人員於科研船前合影"" src=""/mno/upload/images/1489998500927.jpg"" style=""width: 600px; height: 399px;"" /><br />\r\n\t參訪人員於科研船前合影</span><br />\r\n\t\xa0</p>\r\n<div>\r\n\t<span style=""font-size:18px;"">日前(106.03.20)國立台灣大學海研所楊穎堅老師邀請海軍同仁至高雄港10號碼頭參訪美國研究船R/V Roger Revelle，本局由副局長孫永大上校率水文官蔡博安少校前往參訪，受邀的還有海軍官校鍾育仁老師，海軍達觀軍艦艦長何政翰中校、輔導長曾慶軒少校、測量長李尚運少校及修護官朱桓瑜上尉。參訪過程中由艦長Chris Curl及首席科學家</span><span style=""font-size: 18px; text-align: center;"">Dr.Luc Rainville</span><span style=""font-size:18px;"">介紹該研究船之各艙間及實驗室。</span></div>\r\n<p>\r\n\t\xa0</p>\r\n<div>\r\n\t\xa0</div>\r\n",2017-03-22 11:07:50
NULL,"<p style=""text-align: center;"">\r\n\t<span style=""font-size:18px;""><img alt=""106-03-13孫副局長主持105-1期專業軍官班部隊見習開訓典禮-1"" src=""/mno/upload/images/IMG_0005.JPG"" style=""width: 600px; height: 400px;"" /><br />\r\n\t圖1說明: 孫副局長主持105-1期專業軍官班部隊見習開訓典禮</span></p>\r\n<p style=""text-align: center;"">\r\n\t<span style=""font-size:18px;""><img alt=""106-03-13孫副局長主持105-1期專業軍官班部隊見習開訓典禮合影"" src=""/mno/upload/images/IMG_0010.JPG"" style=""width: 600px; height: 400px;"" /><br />\r\n\t圖2說明:105-1期專業軍官班部隊見習開訓典禮合影</span></p>\r\n<p>\r\n\t\xa0</p>\r\n<p>\r\n\t<span style=""font-size:18px;"">副局長孫上校日前主持105-1期專業軍官班部隊見習開訓典禮，期勉見習人員要保持一顆積極進取的心，把握任何學習的機會，提升自我本質學能，以成為優秀的軍官為目標。</span></p>\r\n",2017-03-30 10:05:39
NULL,"<p style=""text-align: center;"">\r\n\t<span style=""font-size:18px;""><img alt=""資訊安全"" src=""/mno/upload/images/DSCN5965_1.png"" style=""width: 600px; height: 450px;"" /><br />\r\n\t圖1說明: 副局長孫上校於資通安全教育訓練課後總結</span></p>\r\n<p style=""text-align: center;"">\r\n\t<span style=""font-size:18px;""><img alt=""VR"" src=""/mno/upload/images/VR.JPG"" style=""width: 600px; height: 450px;"" /><br />\r\n\t圖2說明:106年上半年通信安全教育訓練</span></p>\r\n<p style=""text-align: center;"">\r\n\t<span style=""font-size:18px;""><img alt=""通信"" src=""/mno/upload/images/通信.JPG"" style=""width: 600px; height: 450px;"" /><br />\r\n\t圖3說明:介紹科技新知(VR)</span></p>\r\n<p>\r\n\t<span style=""font-size:18px;"">為落實資安管控，強化官兵各項資訊安全意識，海軍大氣海洋局日前(106.03.23)舉辦106年第1季資訊安全暨通信安全教育訓練，課程內容包括上級近期資訊安全宣導、通信安全宣導及科技新知(VR)介紹，資安長(副局長孫上校)於課後總結表示，本局同仁應確遵相關規定，建立良好的資安觀念，以防杜資安違規事件肇生。</span></p>\r\n",2017-03-30 10:22:54
NULL,"<p style=""text-align: center;"">\r\n\t<span style=""font-size:18px;""><img alt=""局長崔上校與3月份壽星一同切蛋糕"" src=""/mno/upload/images/IMG_1667.JPG"" style=""width: 600px; height: 450px;"" /><br />\r\n\t局長崔上校與3月份壽星一同切蛋糕</span><br />\r\n\t\xa0</p>\r\n<p style=""text-align: center;"">\r\n\t<span style=""font-size:18px;""><img alt=""局長崔上校率各科科長敬茶致意"" src=""/mno/upload/images/IMG_1686.JPG"" style=""width: 600px; height: 450px;"" /><br />\r\n\t局長崔上校率各科科長敬茶致意</span><br />\r\n\t\xa0</p>\r\n<p style=""text-align: center;"">\r\n\t<span style=""font-size:18px;""><img alt=""副局長孫上校向各位同仁敬茶致意"" src=""/mno/upload/images/IMG_1704.JPG"" style=""width: 600px; height: 450px;"" /><br />\r\n\t副局長孫上校向各位同仁敬茶致意</span><br />\r\n\t\xa0</p>\r\n<div>\r\n\t<span style=""font-size:18px;"">為慰勞官兵辛勞，凝聚部隊向心，海軍大氣海洋局日前假農湖海產餐廳辦理3月份慶生餐會，由局長崔上校主持，官兵計100餘員參加。</span></div>\r\n<div>\r\n\t<span style=""font-size:18px;"">首先，崔局長對全體官兵日前執行氣象測量技勤競賽表示嘉勉與肯定。隨後，崔局長率領全體官兵齊唱生日快樂歌，祝福壽星人員，並與渠等共同許願、吹蠟燭、切蛋糕，並致贈生日禮品，場面溫馨歡愉。席間，崔局長並偕副局長孫上校及各科科長一一與官兵敬茶致意、寒暄問候。</span></div>\r\n<div>\r\n\t<span style=""font-size:18px;"">最後，崔局長再度期勉全體官兵賡續戮力本務工作，同時克盡職守，在本局既有優良傳統下、共同爭取單位最高榮譽，再創新猷佳績。</span></div>\r\n<div>\r\n\t\xa0</div>\r\n",2017-03-31 15:33:49
NULL,"<p style=""text-align: center;"">\r\n\t<span style=""font-size:18px;""><img alt=""局長崔上校主持清明節連續假期擴大離營宣教"" src=""/mno/upload/images/IMG_1746(1).JPG"" style=""width: 600px; height: 450px;"" /><br />\r\n\t局長崔上校主持清明節連續假期擴大離營宣教</span><br />\r\n\t\xa0</p>\r\n<p style=""text-align: center;"">\r\n\t<span style=""font-size:18px;""><img alt=""同仁認真聆聽局長崔上校叮嚀"" src=""/mno/upload/images/IMG_1766.JPG"" style=""width: 600px; height: 450px;"" /><br />\r\n\t同仁認真聆聽局長崔上校叮嚀</span><br />\r\n\t\xa0</p>\r\n<div>\r\n\t<span style=""font-size:18px;"">\xa0 \xa0 海軍大氣海洋局日前實施清明節連續假期擴大離營教育，由局長崔上校主持，官兵同仁計一百餘員參加。</span></div>\r\n<div>\r\n\t<span style=""font-size:18px;"">　崔局長首先針對近期軍紀重點及自傷案例實施宣教，強化官兵同仁法紀與懲處觀念。隨後，崔局長並提出六項重要指示，要求全體官兵同仁務必遵行：一、防範酒後駕車，注意行車安全；二、切忌沾染毒品，落實尿液篩檢；三、慎防誘惑詐騙，避免不當借貸；四、強化家屬聯繫，依時安全回報；五、重視兩性關係，勿涉不良場所。六、切忌深夜遊蕩，慎防鬥毆事件。</span></div>\r\n<div>\r\n\t<span style=""font-size:18px;"">　最後，崔局長再次期勉官兵同仁應妥善規劃假期，從事正當休閒活動，「快快樂樂休假，平平安安返營」，期達「零傷損、零違紀、零違法」之目標。</span></div>\r\n<div>\r\n\t\xa0</div>\r\n",2017-03-31 15:38:34
NULL,"<p style=""text-align: center;"">\r\n\t<span style=""font-size:18px;""><img alt=""司令黃上將與局長崔上校合影"" src=""/mno/upload/images/局長照片.png"" style=""width: 600px; height: 400px;"" /><br />\r\n\t司令黃上將與局長崔上校合影</span><br />\r\n\t\xa0</p>\r\n<p style=""text-align: center;"">\r\n\t<span style=""font-size:18px;""><img alt=""本局參加政府服務品質獎評選獲頒國防部獎狀，單位同仁與有榮焉"" src=""/mno/upload/images/IMG_2182.JPG"" style=""width: 600px; height: 800px;"" /><br />\r\n\t本局參加政府服務品質獎評選獲頒國防部獎狀，單位同仁與有榮焉</span><br />\r\n\t\xa0</p>\r\n<p style=""text-align: center;"">\r\n\t<span style=""font-size:18px;""><img alt=""獲頒國防部獎狀，單位同仁與有榮焉"" src=""/mno/upload/images/IMG_2179.JPG"" style=""width: 600px; height: 450px;"" /><br />\r\n\t本局參加政府服務品質獎評選獲頒國防部獎狀，單位同仁與有榮焉</span><br />\r\n\t\xa0</p>\r\n<p style=""text-align: center;"">\r\n\t<span style=""font-size:18px;""><img alt=""單位同仁與有榮焉"" src=""/mno/upload/images/IMG_2174.JPG"" style=""width: 600px; height: 450px;"" /><br />\r\n\t本局參加政府服務品質獎評選獲頒國防部獎狀，單位同仁與有榮焉</span><br />\r\n\t\xa0</p>\r\n<div>\r\n\t<span style=""font-size:18px;"">司令黃上將日前頒發政府服務品質獎國防部獎狀，由局長崔上校代表單位接受表揚。</span></div>\r\n<div>\r\n\t<span style=""font-size:18px;"">本局105年度獲國防部評選為績優單位，薦報參加行政院第九屆政府服務品質獎評選。因本次獲國防部薦報，全體同仁對於工作上獲得肯定同感喜悅，也期許來年能於工作上持續精進。</span></div>\r\n",2017-03-31 15:57:27
NULL,"<p style=""text-align: center;"">\r\n\t<span style=""font-size:18px;""><img alt=""電子上兵陳柔心"" src=""/mno/upload/images/IMG_1772.JPG"" style=""width: 600px; height: 450px;"" /><br />\r\n\t電子上兵陳柔心</span><br />\r\n\t\xa0</p>\r\n<p style=""text-align: center;"">\r\n\t<span style=""font-size:18px;""><img alt=""電子上兵陳柔心參加105年全民運動會勇奪柔術冠軍"" src=""/mno/upload/images/電子上兵陳柔心-1.jpg"" style=""width: 600px; height: 450px;"" /><br />\r\n\t電子上兵陳柔心參加105年全民運動會勇奪柔術冠軍</span><br />\r\n\t\xa0</p>\r\n<p style=""text-align: center;"">\r\n\t<span style=""font-size:18px;""><img alt=""電子上兵陳柔心與李政達教練合影"" src=""/mno/upload/images/電子上兵陳柔心-3.jpg"" style=""width: 600px; height: 450px;"" /><br />\r\n\t電子上兵陳柔心與李政達教練合影</span><br />\r\n\t\xa0</p>\r\n<div>\r\n\t<span style=""font-size: 18px;"">筆者：政戰官謝定緯少校</span></div>\r\n<div>\r\n\t\xa0</div>\r\n<div>\r\n\t<span style=""font-size:18px;"">\xa0 \xa0 「巾幗不讓鬚眉」是讚揚女性從軍報國的最佳寫照，而能夠擁有與男性並駕齊驅，甚至超越男性的優異體能，細數國軍當中更是屈指可數，有幸服務於大氣海洋局的我，便親眼見識到何謂柔道必殺技「大外割」與「十字關節技」的威力，更重要的，那是從一位女性同仁身上所施展的獨門絕招。</span></div>\r\n<div>\r\n\t<span style=""font-size:18px;"">\xa0 初次見到柔心，是在局裡的籃球場上，打球已頗有資歷的我，還是第一次見到能與我們這群「老球皮」跑快攻、搶籃板、比準頭的「女球咖」！厲害的是，她札實流暢的基本動作與急停跳投，連號稱大氣「喬丹」的我都自嘆弗如！打聽之下，有眼不識「女泰山」的我，才知道原來是和一位幾乎十項全能的「女力」在同場競技！</span></div>\r\n<div>\r\n\t<span style=""font-size:18px;"">\xa0 \xa0 \xa0 擁有一半「Amis」優良血統的柔心，生長在一個充滿歡笑與和樂的幸福家庭，在父母自由開明的教導下，家中排行老么的她，國中時即學會獨立自主，並能與姐姐共同分擔照顧二位弟弟的重任，孝順的她，更常在課餘時間，主動到工地協助父親完成諸多負荷吃重的工作，也正因此造就了她過人的體力與耐力。</span></div>\r\n<div>\r\n\t<span style=""font-size:18px;"">\xa0 國中時正值叛逆期的她，猶如過動兒般有著用不完的活力與精力，「三過『校』門而不入」、「翻臉嗆聲『釘孤支』」都是家常便飯，每當下課鐘聲響起，就是至訓導處「還債」的面壁時刻。而就在「伯樂」李政達教練慧眼識英雄的引薦下，這位曾經桀傲不遜的迷濛少女，自此踏上了柔術征途，內心充滿熱血的鬥士魂也就此完全釋放，100年全國柔道中正盃女子社會甲組銅牌、100年全國大專院校女子公開組銅牌、101年全民運動會女子柔術寢技銀牌、103年全民運動會女子柔術對打金牌及105年全民運動會女子柔術對打金牌，無數榮耀加身的她，不僅找到努力的方向，更對自我充滿了自信與肯定。</span></div>\r\n<div>\r\n\t<span style=""font-size:18px;"">\xa0 \xa0 \xa0 知恩圖報的柔心始終不曾忘懷栽培自己成長的母校，因此在大學畢業後選擇回到了五甲國中帶領與她志同道合的學弟妹們一起為柔道隊爭光，然而，迫於無奈的現實環境，她不時地思考如何減輕父母的壓力與負擔，因緣際會下，她的目光被海軍蔚藍的大巴士上偌大的「加入國軍，開啟不凡人生」廣告所深深吸引，透過國軍人才招募中心詳細的說明後，她發現從軍似乎是為她量身打造的首選志業，在獲得家人共同的支持下，她便毅然投筆從戎，加入大氣海洋局的行列。擔任裝備保養小組組員的她，雖與入伍前所學大相逕庭，然而在轉換跑道後，不僅擁有穩定的收入分擔家計，更獲得單位的鼎力支持與協助，使她有更充裕的時間自我鍛鍊，體能狀態亦更勝以往。</span></div>\r\n<div>\r\n\t<span style=""font-size:18px;"">\xa0 \xa0 \xa0甫榮獲我國103及105年全民運動會女子柔術對打金牌二連霸的柔心說：「我雖不是最聰明的人，但我卻可以自豪的說，我是用九十九分的努力加上一分的天賦去達成我所冀望的目標，更相信加入國軍真的能築夢踏實，不同凡響！」</span></div>\r\n",2017-03-31 16:00:56
NULL,"<p style=""text-align: center;"">\r\n\t<span style=""font-size:18px;""><img alt=""孫副局長頒發本局紀念幣一枚"" src=""/mno/upload/images/IMG_1527.JPG"" style=""width: 600px; height: 400px;"" /><br />\r\n\t孫副局長頒發本局紀念幣一枚</span><br />\r\n\t\xa0</p>\r\n<p style=""text-align: center;"">\r\n\t<span style=""font-size:18px;""><img alt=""孫副局長主持106年上半年災害防救教育宣導，期勉同仁建立防災共識與機制，加強防災措施應變作為"" src=""/mno/upload/images/IMG_1507.JPG"" style=""width: 600px; height: 400px;"" /><br />\r\n\t孫副局長主持106年上半年災害防救教育宣導，期勉同仁建立防災共識與機制，加強防災措施應變作為</span><br />\r\n\t\xa0</p>\r\n<p style=""text-align: center;"">\r\n\t<span style=""font-size:18px;""><img alt=""本局同仁進行過期滅火器滅火實作"" src=""/mno/upload/images/IMG_1569.JPG"" style=""width: 600px; height: 400px;"" /><br />\r\n\t本局同仁進行過期滅火器滅火實作</span><br />\r\n\t\xa0</p>\r\n<p style=""text-align: center;"">\r\n\t<span style=""font-size:18px;""><img alt=""台灣安全保護協會專業講師林建宸先生親自示範防火面罩使用方法及注意事項"" src=""/mno/upload/images/IMG_1601.JPG"" style=""width: 600px; height: 400px;"" /><br />\r\n\t台灣安全保護協會專業講師林建宸先生親自示範防火面罩使用方法及注意事項</span><br />\r\n\t\xa0</p>\r\n<p>\r\n\t<span style=""font-size:18px;"">副局長孫上校日前主持106年上半年災害防救教育宣導，邀請台灣安全保護協會專業講師林建宸先生實施宣導，建立防災共識與機制，加強防災措施應變作為，以提升本局軍士官兵災害防制觀念。</span></p>\r\n<p>\r\n\t\xa0</p>\r\n",2017-04-13 17:27:20
NULL,"<p>\r\n\t\xa0</p>\r\n<p>\r\n\t\xa0</p>\r\n<p>\r\n\t\xa0</p>\r\n<p>\r\n\t\xa0</p>\r\n<p style=""text-align: center;"">\r\n\t<span style=""font-size:18px;""><img alt="" 59年4月南沙指揮官普欲華上校(左)與曲宗瑁少校於太平島南沙氣象臺前留影"" src=""/mno/upload/images/59年4月南沙指揮官普欲華上校-左-與曲宗瑁少校於太平島南沙氣象臺前留影.jpg"" style=""width: 600px; height: 434px;"" /><br />\r\n\t\xa059年4月南沙指揮官普欲華上校(左)與曲宗瑁少校於太平島南沙氣象臺前留影</span><br />\r\n\t\xa0</p>\r\n<p style=""text-align: center;"">\r\n\t<span style=""font-size:18px;""><img alt=""59年11月曲宗瑁少校(左)與駱偉雄醫官攝於太平島威遠樓前"" src=""/mno/upload/images/59年11月曲宗瑁少校-左-與駱偉雄醫官攝於太平島威遠樓前.jpg"" style=""width: 600px; height: 791px;"" /><br />\r\n\t59年11月曲宗瑁少校(左)與駱偉雄醫官攝於太平島威遠樓前\xa0</span><br />\r\n\t\xa0</p>\r\n<p style=""text-align: center;"">\r\n\t<span style=""font-size:18px;""><img alt=""59年11月南沙指揮官普欲華上校(中排左)與曲宗瑁少校(前排右)等人合影於太平島附近海域"" src=""/mno/upload/images/59年11月南沙指揮官普欲華上校-中排左與曲宗瑁少校-前排右等人合影於太平島附近海域.jpg"" style=""width: 600px; height: 377px;"" /><br />\r\n\t59年11月南沙指揮官普欲華上校(中排左)與曲宗瑁少校(前排右)等人合影於太平島附近海域</span><br />\r\n\t\xa0</p>\r\n<p style=""text-align: center;"">\r\n\t<span style=""font-size:18px;""><img alt=""60年5月曲宗瑁少校(中)於南沙群島太平島碑前留影"" src=""/mno/upload/images/60年5月曲宗瑁少校-中-於南沙群島太平島碑前留影.jpg"" style=""width: 600px; height: 838px;"" /><br />\r\n\t60年5月曲宗瑁少校(中)於南沙群島太平島碑前留影</span><br />\r\n\t\xa0</p>\r\n<p style=""text-align: center;"">\r\n\t<span style=""font-size:18px;""><img alt=""60年5月曲宗瑁少校攝於南沙太平島港岸處,遠處海面上為海軍運補艦"" src=""/mno/upload/images/60年5月曲宗瑁少校攝於南沙太平島港岸處,遠處海面上為海軍運補艦.jpg"" style=""width: 600px; height: 937px;"" /><br />\r\n\t60年5月曲宗瑁少校攝於南沙太平島港岸處,遠處海面上為海軍運補艦</span><br />\r\n\t\xa0</p>\r\n<p style=""text-align: center;"">\r\n\t<span style=""font-size:18px;""><img alt=""60年任職海軍氣象中心少校預報長"" src=""/mno/upload/images/60年任職海軍氣象中心少校預報長.jpg"" style=""width: 600px; height: 885px;"" /><br />\r\n\t60年任職海軍氣象中心少校預報長</span><br />\r\n\t\xa0</p>\r\n<p style=""text-align: center;"">\r\n\t<span style=""font-size:18px;""><img alt=""65年任職海軍氣象中心中校預報科科長"" src=""/mno/upload/images/65年任職海軍氣象中心中校預報科科長.jpg"" style=""width: 600px; height: 426px;"" /><br />\r\n\t65年任職海軍氣象中心中校預報科科長</span><br />\r\n\t\xa0</p>\r\n<p style=""text-align: center;"">\r\n\t<span style=""font-size:18px;""><img alt=""101-05-03曲伯伯與蒞局採訪貴賓解說局史館文物史蹟"" src=""/mno/upload/images/101-05-03曲伯伯與蒞局採訪貴賓解說局史館文物史蹟.jpg"" style=""width: 600px; height: 450px;"" /><br />\r\n\t101-05-03曲伯伯與蒞局採訪貴賓解說局史館文物史蹟</span><br />\r\n\t\xa0</p>\r\n<p style=""text-align: center;"">\r\n\t<span style=""font-size:18px;""><img alt=""105-03-18東沙氣象臺90週年慶祝大會-曲伯伯與局長崔上校及歷任氣象中心主任合影"" src=""/mno/upload/images/105_03_18東沙氣象臺90週年慶祝大會-曲伯伯與局長崔上校及歷任氣象中心主任合影.JPG"" style=""width: 600px; height: 400px;"" /><br />\r\n\t105-03-18東沙氣象臺90週年慶祝大會-曲伯伯與局長崔上校及歷任氣象中心主任合影</span><br />\r\n\t\xa0</p>\r\n<p style=""text-align: center;"">\r\n\t<span style=""font-size:18px;""><img alt=""105-03-15政戰官謝少校參加文藝金像獎以曲伯伯及崔局長為主角-主題-榮耀傳承水彩畫作"" src=""/mno/upload/images/105-03-15政戰官謝少校參加文藝金像獎以曲伯伯及崔局長為主角-主題-榮耀傳承水彩畫作.JPG"" style=""width: 600px; height: 825px;"" /><br />\r\n\t105-03-15政戰官謝少校參加文藝金像獎以曲伯伯及崔局長為主角-主題-榮耀傳承水彩畫作</span><br />\r\n\t\xa0</p>\r\n<p style=""text-align: center;"">\r\n\t<span style=""font-size:18px;""><img alt=""105-07-25曲伯伯於局史館南疆鎖鑰前留影"" src=""/mno/upload/images/105-07-25曲伯伯於局史館南疆鎖鑰前留影.JPG"" style=""width: 600px; height: 450px;"" /><br />\r\n\t105-07-25曲伯伯於局史館南疆鎖鑰前留影</span><br />\r\n\t\xa0</p>\r\n<p style=""text-align: center;"">\r\n\t<span style=""font-size:18px;""><img alt=""105-08-08精神戰力週-冠軍爸爸慶祝活動-局長崔上校致贈冠軍爸爸迷你錦旗"" src=""/mno/upload/images/105-08-08精神戰力週-冠軍爸爸慶祝活動-局長崔上校致贈冠軍爸爸迷你錦旗.JPG"" style=""width: 600px; height: 450px;"" /><br />\r\n\t105-08-08精神戰力週-冠軍爸爸慶祝活動-局長崔上校致贈冠軍爸爸迷你錦旗</span><br />\r\n\t\xa0</p>\r\n<div>\r\n\t<span style=""font-size:18px;"">「究天人之際，通古今之變」是史記作家司馬遷為「歷史」所下的註解，歷史不僅記述著過往的重大事蹟與時光軌跡，更讓人們能鑒古知今、尋根探源，同時繼往開來，特別是充滿溫度與暖度的「活歷史」更如國之寶藏，彌足珍貴，令人加倍呵護與珍惜。</span><br />\r\n\t\xa0</div>\r\n<div>\r\n\t<span style=""font-size:18px;"">初次見到曲伯伯時，從他濃厚的山東口音裡，依稀聽見了已先行爺爺的親切感，原認為他只是位和藹可親、平易近人的長者，但在熱心的聘雇大姐們介紹下，有眼不識泰山的我才知道曲伯伯是位將畢生青春歲月奉獻國家的軍人典範，更幾乎是與中華民國海軍同時誕生的「活歷史」，不禁令人肅然起敬。</span><br />\r\n\t\xa0</div>\r\n<div>\r\n\t<span style=""font-size:18px;"">曲宗瑁先生，生於民國16年4月6日，山東省牟平縣人，時值國家正逢北伐、抗戰，烽火連天、戰雲密布、風雨飄搖之亂世，因此，自幼即隨家人過著輾轉顛沛、流離遷徙的大時代生活，21歲時深感國家正處危如累卵動盪之際，毅然投身軍旅，自海軍青島造船所藝徒訓練班畢業後，分發至海軍青島第一號浮船塢，任職輪機一兵，從此展開了長達37年餘的軍旅生涯。民國38年追隨國民政府遷臺，曾先後服役於通信兵大隊第三中隊、渠江軍艦、賀蘭軍艦、兩棲登陸指揮旗艦，服役期間因獲上級肯定，於民國46年受命遠赴美國海軍聖地牙哥訓練基地接受砲儀訓練，返國後獲派當時萬中翹楚的海軍艦隊訓練司令部岸訓中心砲儀上士，民國49年1月1日因表現優異，榮升少尉電工官乙職，值得一提的是，積極進取的他更在同年考取海軍官校專修班第1期，並於2年後以第一名之姿光榮畢業。</span><br />\r\n\t\xa0</div>\r\n<div>\r\n\t<span style=""font-size:18px;"">曲伯伯軍旅印象最深刻的回憶，莫過於民國59年任職前南沙機動氣象臺（今海軍南沙氣象臺）臺長時的艱忍歲月，由於太平島與臺灣相距甚遙、補給不易，且是時政府財政短絀，加之南沙群島屬亞熱帶氣候，長年高溫溼熱，易造成食物腐敗，因此氣象臺草創初期，許多日常所需都必須自食其力，但在那刻苦拮据的環境裡，每位官兵雖過著「赤身孤舟」、「風餐露宿」、「鼠患蜂螫」的克難生活，卻依舊抱持著「與陣地共存亡」的堅毅決心為國家犧牲奉獻，充分展現出「國家、責任、榮譽」的軍人武德，捍衛國家主權與領土，不容異己侵犯。</span><br />\r\n\t\xa0</div>\r\n<div>\r\n\t<span style=""font-size:18px;"">曲伯伯於民國72年1月1日服務海軍氣象中心預報科時正式卸下軍戎，官拜中校科長。退役後，於同年2月轉任聘雇人員繼續服務於海軍氣象中心，直至民國81年退休，現仍賡續於海軍大氣海洋局擔任史政編撰義工，並協助後輩解決各項氣象專業窒礙疑難、精進渠等專業技能。現居祥和山莊的他雖終身未婚，但與部隊結褵數十載均不畏風雨寒暑、全年無休地駕著輕騎鐵馬準時到部，可謂身體力行「以部隊為家」的真正國軍楷模！因緣際會下，他更獻聲「左營軍區故事館」，使人們在收視「左營軍區的一天」動畫同時，彷彿真正「聲歷其境」！</span><br />\r\n\t\xa0</div>\r\n<div>\r\n\t<span style=""font-size:18px;"">曲伯伯曾感性地說：「『一日大海人，終身大海人』，海軍，就是我第二個家，回顧我的人生，從早年的居無定所、四海為家，甚至遠渡南疆鎖鑰鎮守太平，後期有幸參與海軍氣象中心的創建與革新，每段歷練與過程，都使我此生閱歷與視野精采而豐富，同時更讓我真正體會『風雲審天機，蒼海探奧義』的宗旨，而在褪下軍裝後，能持續將所學回報國家，並傳承後進延續榮耀，此生幸也!足矣!」</span><br />\r\n\t<br />\r\n\t\xa0</div>\r\n<div>\r\n\t<span style=""font-size:18px;"">筆者：政戰官謝定緯少校</span></div>\r\n<p>\r\n\t\xa0</p>\r\n<p>\r\n\t\xa0</p>\r\n<p>\r\n\t\xa0</p>\r\n",2017-04-13 17:40:43
NULL,"<p style=""text-align: center;"">\r\n\t<img alt=""左:氣象中士陳昭翰; 右:主計科中校科長邱芳盛"" src=""/mno/upload/images/DSCN6363.JPG"" style=""width: 600px; height: 450px;"" /><br />\r\n\t<span style=""font-size:18px;"">圖1說明: 左:氣象中士陳昭翰;右:主計科中校科長邱芳盛</span></p>\r\n<p style=""text-align: center;"">\r\n\t<span style=""font-size: 12px;""><img alt=""行政上兵蔡祖璿"" src=""/mno/upload/images/DSCN6339.JPG"" style=""width: 600px; height: 800px;"" /></span><br />\r\n\t<span style=""font-size:18px;"">圖2說明:行政上兵蔡祖璿</span></p>\r\n<p style=""text-align: center;"">\r\n\t<span style=""font-size: 12px;""><img alt=""氣象士官長謝其倫"" src=""/mno/upload/images/DSCN6346.JPG"" style=""width: 600px; height: 800px;"" /></span><br />\r\n\t<span style=""font-size:18px;"">圖3說明:氣象士官長謝其倫</span></p>\r\n<p style=""text-align: center;"">\r\n\t<span style=""font-size:18px;""><img alt=""測量士官長邱隆准"" src=""/mno/upload/images/DSCN6329.JPG"" style=""width: 600px; height: 450px;"" /></span><br />\r\n\t<span style=""font-size:18px;"">圖4說明:測量士官長邱隆准</span><br />\r\n\t\xa0</p>\r\n<div>\r\n\t\xa0</div>\r\n<p>\r\n\t<span style=""font-size:18px;"">為響應捐血救人義舉，救助病(傷)換生命，捐血一袋救人一命，日前本局舉行捐血救人活動，邀請高雄捐血中心蒞局實施106年上半年度捐血，計募得血液34袋(每袋250cc)。</span></p>\r\n",2017-04-14 17:38:36
NULL,"<p>\r\n\t\xa0</p>\r\n<p style=""text-align: center;"">\r\n\t<span style=""font-size:18px;""><img alt="" 政戰處長課前致詞"" src=""/mno/upload/images/DSCN6374.JPG"" style=""width: 600px; height: 450px;"" /><br />\r\n\t圖1說明: 政戰處長課前致詞</span></p>\r\n<p style=""text-align: center;"">\r\n\t<span style=""font-size:18px;""><img alt=""張醫官講課實況"" src=""/mno/upload/images/DSCN6393.JPG"" style=""width: 600px; height: 450px;"" /><br />\r\n\t圖2說明:張醫官講課實況</span></p>\r\n<p style=""text-align: center;"">\r\n\t<span style=""font-size:18px;""><img alt=""張醫官課前對本局同仁心肺復甦術科講解"" src=""/mno/upload/images/DSCN6423.JPG"" style=""width: 600px; height: 450px;"" /><br />\r\n\t圖3說明:張醫官課前對本局同仁心肺復甦術科講解</span></p>\r\n<p style=""text-align: center;"">\r\n\t<span style=""font-size:18px;""><img alt=""本局同仁課後心肺復甦術科測驗"" src=""/mno/upload/images/DSCN6451.JPG"" style=""width: 600px; height: 450px;"" /><br />\r\n\t圖4說明:本局同仁課後心肺復甦術科測驗</span></p>\r\n<p style=""text-align: center;"">\r\n\t<span style=""font-size:18px;""><img alt=""術科測驗教學"" src=""/mno/upload/images/DSCN6469.JPG"" style=""width: 600px; height: 450px;"" /><br />\r\n\t圖5說明:本局同仁課後心肺復甦術科測驗</span></p>\r\n<p style=""text-align: center;"">\r\n\t<span style=""font-size:18px;""><img alt=""術科測驗實作"" src=""/mno/upload/images/DSCN6470.JPG"" style=""width: 600px; height: 450px;"" /><br />\r\n\t圖6說明:本局同仁課後心肺復甦術科測驗</span></p>\r\n<p>\r\n\t<span style=""font-size:18px;"">日前本局邀請陸戰隊學校醫官張中尉蒞局實施「中暑防治暨菸檳防治及預防保健」課程演講，本次課程期能使本局同仁熟悉中暑處置標準作業程序、心肺復甦術CPR教學測驗、菸檳對身體影響的危害、登革熱防治及預防食物中毒的預防。</span></p>\r\n",2017-04-14 17:45:01
NULL,"<p style=""text-align: center;"">\r\n\t<span style=""font-size:18px;""><img alt=""本局95周年局慶慶祝大會大合影"" src=""/mno/upload/images/1492765101280.jpg"" style=""width: 600px; height: 318px;"" /><br />\r\n\t<span style=""color: rgb(29, 33, 41); font-family: Helvetica, Arial, sans-serif;"">本局95周年局慶慶祝大會大合影</span></span></p>\r\n<p style=""text-align: center;"">\r\n\t<span style=""font-size:18px;""><img alt=""局長崔上校與貴賓們於貴賓室合影"" src=""/mno/upload/images/IMG_0331 (2).jpg"" style=""width: 600px; height: 400px;"" /><br />\r\n\t<span style=""color: rgb(29, 33, 41); font-family: Helvetica, Arial, sans-serif;"">局長崔上校與貴賓們於貴賓室合影</span></span></p>\r\n<p style=""text-align: center;"">\r\n\t<span style=""font-size:18px;""><span style=""color: rgb(29, 33, 41); font-family: Helvetica, Arial, sans-serif;""><img alt=""局長崔上校與貴賓一同切大氣海洋局生日蛋糕"" src=""/mno/upload/images/IMG_0401 (2).jpg"" style=""width: 600px; height: 400px;"" /></span><br />\r\n\t<span style=""color: rgb(29, 33, 41); font-family: Helvetica, Arial, sans-serif;"">局長崔上校與貴賓一同切大氣海洋局生日蛋糕</span></span></p>\r\n<p style=""text-align: center;"">\r\n\t<span style=""font-size:18px;""><span style=""color: rgb(29, 33, 41); font-family: Helvetica, Arial, sans-serif;""><img alt=""局長崔上校率本局重要幹部及科長們向貴賓敬酒"" src=""/mno/upload/images/IMG_0450 (2).jpg"" style=""width: 600px; height: 400px;"" /></span><br />\r\n\t<span style=""color: rgb(29, 33, 41); font-family: Helvetica, Arial, sans-serif;"">局長崔上校率本局重要幹部及科長們向貴賓敬酒</span></span><br />\r\n\t\xa0</p>\r\n<div>\r\n\t<span style=""font-size:18px;"">為感懷前輩夙夜匪懈、創業維艱的奮鬥歷程，本局今日假青天營區舉辦『建局９５周年』慶祝大會，由局長崔上校主持，會中邀請交通部中央氣象局呂副主任、內政部地政司王司長、國土測繪中心劉主任、農林航空測量所管所長、國防大學理工學院院長荊將軍、軍備局四０一廠廠長黃上校、空軍氣象聯隊張副聯隊長、中華民國地圖學會高理事長等貴賓及歷任局長、氣象中心主任、退役官兵共襄盛舉，場面盛大隆重。</span></div>\r\n",2017-04-21 17:26:03
480,"<p>\r\n\t<span style=""font-size:18px;"">海軍大氣海洋局 建局95週年慶祝紀念影片<br />\r\n\t<a href=""https://www.youtube.com/watch?v=ayuO2MEK3ag"">95周年局慶慶祝大會</a></span></p>\r\n",2017-04-21 21:55:08
NULL,"<p style=""text-align: center;"">\r\n\t<span style=""font-size:18px;""><img alt=""馬武成老師與局長崔上校、上課同仁合影"" src=""/mno/upload/images/1(2).jpg"" style=""width: 600px; height: 370px;"" /><br />\r\n\t馬武成老師與局長崔上校、上課同仁合影</span></p>\r\n<p style=""text-align: center;"">\r\n\t<span style=""font-size:18px;""><img alt=""上課實況(1)"" src=""/mno/upload/images/4(1).jpg"" style=""width: 600px; height: 398px;"" /><br />\r\n\t上課實況(1)</span></p>\r\n<p style=""text-align: center;"">\r\n\t<span style=""font-size:18px;""><img alt=""上課實況(2)"" src=""/mno/upload/images/7(1).jpg"" style=""width: 600px; height: 416px;"" /><br />\r\n\t上課實況(1)</span><br />\r\n\t\xa0</p>\r\n<p style=""text-align: center;"">\r\n\t<span style=""font-size:18px;""><img alt=""上課實況(3)"" src=""/mno/upload/images/IMG_6840.JPG"" style=""width: 600px; height: 400px;"" /><br />\r\n\t上課實況(3)</span><br />\r\n\t\xa0</p>\r\n<p>\r\n\t<span style=""font-size:18px;"">日前(106.04.13)國立台灣大學大氣科學系馬武成老師蒞局實施海洋氣象預報經驗交流，課程由局長崔怡楓上校主持，數值預報科科長林彥岑中校及預報工作線上同仁參與。過程中，馬武成老師以過去在海軍預報工作及退伍後從事防災的豐富經驗進行分享，課間討論熱烈。本局近年預報工作除更新高速運算效能外，並透過與各領域專家交流，銳意精進支援海軍作戰的預報作業。</span></p>\r\n<p>\r\n\t\xa0</p>\r\n",2017-04-27 15:27:18
NULL,"<p style=""text-align: center;"">\r\n\t<span style=""font-size:18px;""><img alt=""默契大考驗"" src=""/mno/upload/images/DSCN7584.JPG"" style=""width: 600px; height: 450px;"" /><br />\r\n\t默契大考驗</span><br />\r\n\t\xa0</p>\r\n<p style=""text-align: center;"">\r\n\t<span style=""font-size:18px;""><img alt=""孝悌奉茶"" src=""/mno/upload/images/DSCN7596.JPG"" style=""width: 600px; height: 450px;"" /><br />\r\n\t孝悌奉茶</span><br />\r\n\t\xa0</p>\r\n<p style=""text-align: center;"">\r\n\t<span style=""font-size:18px;""><img alt=""反哺親恩"" src=""/mno/upload/images/DSCN7602.JPG"" style=""width: 600px; height: 450px;"" /><br />\r\n\t反哺親恩</span><br />\r\n\t\xa0</p>\r\n<p style=""text-align: center;"">\r\n\t<span style=""font-size:18px;""><img alt=""花朵獻心"" src=""/mno/upload/images/DSCN7604.JPG"" style=""width: 600px; height: 450px;"" /><br />\r\n\t花朵獻心</span><br />\r\n\t\xa0</p>\r\n<p style=""text-align: center;"">\r\n\t<span style=""font-size:18px;""><img alt=""參加人員合影"" src=""/mno/upload/images/IMG_7434.JPG"" style=""width: 600px; height: 400px;"" /><br />\r\n\t參加人員合影</span><br />\r\n\t\xa0</p>\r\n<p style=""text-align: center;"">\r\n\t<span style=""font-size:18px;""><img alt=""官兵母親合影"" src=""/mno/upload/images/DSCN7657.JPG"" style=""width: 600px; height: 450px;"" /><br />\r\n\t官兵母親合影</span><br />\r\n\t\xa0</p>\r\n<div>\r\n\t<span style=""font-size:18px;"">本局氣象測量勤務隊4月28日舉辦官兵家屬懇親活動，由隊長洪少校主持，官兵暨家屬計四十餘人參加。</span></div>\r\n<div>\r\n\t<span style=""font-size:18px;"">活動開始首先是邀請官兵的好友來參加默契大考驗，考驗好友對官兵的了解程度，過程緊張刺激；再來孝親活動是邀請官兵母親一同參加，計有孝悌奉茶、反哺親恩以及最重要的花朵獻心，官兵手持著綻放的康乃馨，向辛苦養育他們長大的母親說出心中的感恩。希望藉由活潑趣味的團康遊戲暨感恩母親孝親活動，促進官兵家屬互動，增進彼此感情。</span></div>\r\n<div>\r\n\t\xa0</div>\r\n",2017-05-02 09:59:33
NULL,"<p>\r\n\t\xa0</p>\r\n<p style=""text-align: center;"">\r\n\t<span style=""font-size:18px;""><img alt=""局長宣達黃上士晉任命令"" src=""/mno/upload/images/IMG_7599.JPG"" style=""width: 600px; height: 400px;"" /><br />\r\n\t局長宣達黃上士晉任命令</span><br />\r\n\t\xa0</p>\r\n<p style=""text-align: center;"">\r\n\t<span style=""font-size:18px;""><img alt=""黃上士授階"" src=""/mno/upload/images/IMG_7602.JPG"" style=""width: 600px; height: 400px;"" /><br />\r\n\t黃上士授階</span><br />\r\n\t\xa0</p>\r\n<p style=""text-align: center;"">\r\n\t<span style=""font-size:18px;""><img alt=""局長與黃上士合影"" src=""/mno/upload/images/IMG_7620.JPG"" style=""width: 600px; height: 400px;"" /><br />\r\n\t局長與黃上士合影</span><br />\r\n\t\xa0</p>\r\n<p style=""text-align: center;"">\r\n\t<span style=""font-size:18px;""><img alt=""林下士授階"" src=""/mno/upload/images/IMG_6889.JPG"" style=""width: 600px; height: 400px;"" /><br />\r\n\t林下士授階</span><br />\r\n\t\xa0</p>\r\n<p style=""text-align: center;"">\r\n\t<span style=""font-size:18px;""><img alt=""局長與林下士合影"" src=""/mno/upload/images/IMG_6891.JPG"" style=""width: 600px; height: 400px;"" /><br />\r\n\t局長與林下士合影</span><br />\r\n\t\xa0</p>\r\n<p style=""text-align: center;"">\r\n\t<span style=""font-size:18px;""><img alt=""局長暨各主管與黃上士合影"" src=""/mno/upload/images/IMG_7641.JPG"" style=""width: 600px; height: 400px;"" /><br />\r\n\t局長暨各主管與黃上士合影</span><br />\r\n\t\xa0</p>\r\n<p>\r\n\t<span style=""font-size:18px;"">本局日前舉辦106年5月份人員晉升典禮，由局長崔上校主持。局長致詞時期勉晉任人員黃英明上士及林俊村下士，階級的晉升不只是榮譽的象徵，也是國家對晉升人員工作表現的肯定，更是代表著責任的加重。局長更勉勵全體官兵勿忘低階時的理想與抱負，於工作上全力以赴。</span></p>\r\n",2017-05-05 16:29:55
NULL,"<p style=""text-align: center;"">\r\n\t<span style=""font-size:18px;""><img alt=""局長崔上校主持106年精神動員精神大會"" src=""/mno/upload/images/20170506101423.jpg"" style=""width: 600px; height: 450px;"" /><br />\r\n\t局長崔上校主持106年精神動員精神大會</span><br />\r\n\t\xa0</p>\r\n<p style=""text-align: center;"">\r\n\t<span style=""font-size:18px;""><img alt=""全體官兵於會後大合影"" src=""/mno/upload/images/20170506101436.jpg"" style=""width: 600px; height: 450px;"" /><br />\r\n\t全體官兵於會後大合影</span></p>\r\n<p>\r\n\t\xa0</p>\r\n<div>\r\n\t<span style=""font-size:18px;"">本局日前實施「106年精神戰力專案教育」精神動員大會，由局長崔上校主持。</span></div>\r\n<div>\r\n\t<span style=""font-size:18px;"">局長於大會中表示，官兵同仁應了解無形戰力是決定戰爭勝負的關鍵因素，並要求同仁共維軍紀安全、發揚「風雲審天機，蒼海探奧義」之精神，與本次專案教育主題「戮力戰訓本務、奠定鋼鐵勁旅」及「發揮聯戰效能、厚植國防戰力」相呼應。</span></div>\r\n<div>\r\n\t<span style=""font-size:18px;"">最後，崔局長率全體官兵齊聲高呼「大海人！戰力強！」，將本局精神戰力至最高點。</span></div>\r\n",2017-05-06 10:24:19
NULL,"<p style=""text-align: center;"">\r\n\t<span style=""font-size:18px;""><img alt=""局長頒贈謝士督冠軍媽媽錦旗"" src=""/mno/upload/images/395229.jpg"" style=""width: 600px; height: 450px;"" /><br />\r\n\t局長頒贈謝士督冠軍媽媽錦旗</span><br />\r\n\t\xa0</p>\r\n<p style=""text-align: center;"">\r\n\t<span style=""font-size:18px;""><img alt=""局長與本局冠軍媽媽們於緬梔樹下合影"" src=""/mno/upload/images/395231.jpg"" style=""width: 600px; height: 450px;"" /><br />\r\n\t局長與本局冠軍媽媽們於緬梔樹下合影</span><br />\r\n\t\xa0</p>\r\n<p style=""text-align: center;"">\r\n\t<span style=""font-size:18px;""><img alt=""冠軍媽媽以愛心手勢合影，共度歡樂母親節"" src=""/mno/upload/images/395232.jpg"" style=""width: 600px; height: 450px;"" /><br />\r\n\t冠軍媽媽以愛心手勢合影，共度歡樂母親節</span><br />\r\n\t\xa0</p>\r\n<p>\r\n\t<span style=""font-size:18px;"">為向「護國衛民、犧牲奉獻」的軍人媽媽們致敬，本局日前假青天營區辦理「冠軍媽媽，我愛您！」表揚慶祝活動，由局長崔上校主持，官兵計一百餘員參加。崔局長除致贈每位母親「冠軍媽媽」小錦旗乙幀及康乃馨乙朵，並在全體官兵同仁齊聲歡呼「冠軍媽媽，我愛您！」的喝采下與「冠軍媽媽」們合影留念，場面溫馨動人！</span></p>\r\n",2017-05-14 11:13:22
NULL,"<p style=""text-align: center;"">\r\n\t<span style=""font-size:18px;""><img alt=""局長主持勤務隊軍歌驗收"" src=""/mno/upload/images/1060512軍歌驗收_170514_0001.jpg"" style=""width: 600px; height: 450px;"" /><br />\r\n\t局長主持勤務隊軍歌驗收</span><br />\r\n\t\xa0</p>\r\n<p style=""text-align: center;"">\r\n\t<span style=""font-size:18px;""><img alt=""二兵洪佳伶接受個人軍歌驗收"" src=""/mno/upload/images/1060512軍歌驗收_170514_0006.jpg"" style=""width: 600px; height: 450px;"" /><br />\r\n\t二兵洪佳伶接受個人軍歌驗收</span><br />\r\n\t\xa0</p>\r\n<p style=""text-align: center;"">\r\n\t<span style=""font-size:18px;""><img alt=""局長與各級幹部於勤務隊軍歌驗收後合影"" src=""/mno/upload/images/1060512軍歌驗收_170514_0004.jpg"" style=""width: 600px; height: 450px;"" /><br />\r\n\t局長與各級幹部於勤務隊軍歌驗收後合影</span><br />\r\n\t\xa0</p>\r\n<p>\r\n\t<span style=""font-size:18px;"">本局日前假青天營區實施「106年精神戰力專案教育」軍歌驗收，由局長崔上校主持。在氣象測量勤務隊隊長洪少校率領下，全體官兵精神抖擻地引吭高歌，充分展現「大海人」絕佳的團隊默契與壯盛軍容，亦將平日勤訓精練的成果，表現地鏗鏘有力，深獲崔局長及在場官兵之肯定。</span></p>\r\n",2017-05-14 11:28:11
NULL,"<p style=""text-align: center;"">\r\n\t<span style=""font-size:18px;""><img alt=""黃上士與其母親相擁而泣"" src=""/mno/upload/images/DSCN7902.JPG"" style=""width: 600px; height: 450px;"" /><br />\r\n\t黃上士與其母親相擁而泣</span><br />\r\n\t\xa0</p>\r\n<p style=""text-align: center;"">\r\n\t<span style=""font-size:18px;""><img alt=""黃上士與家人合影"" src=""/mno/upload/images/DSCN7906.JPG"" style=""width: 600px; height: 450px;"" /><br />\r\n\t黃上士與家人合影</span><br />\r\n\t\xa0</p>\r\n<p style=""text-align: center;"">\r\n\t<span style=""font-size:18px;""><img alt=""局長及各級幹部與黃上士家人合影"" src=""/mno/upload/images/DSCN7911.JPG"" style=""width: 600px; height: 450px;"" /><br />\r\n\t局長及各級幹部與黃上士家人合影</span><br />\r\n\t\xa0</p>\r\n<p style=""text-align: center;"">\r\n\t<span style=""font-size:18px;""><img alt=""局長歡迎黃科長光榮返國"" src=""/mno/upload/images/DSCN7918.JPG"" style=""width: 600px; height: 450px;"" /><br />\r\n\t局長歡迎黃科長光榮返國</span><br />\r\n\t\xa0</p>\r\n<p style=""margin: 0px 0px 6px; font-family: Helvetica, Arial, sans-serif; color: rgb(29, 33, 41); font-size: 15px;"">\r\n\t<span style=""font-size:18px;"">敦睦支隊順利完成任務歸國囉！<br />\r\n\t本局黃文嶺中校與黃震遜上士，圓滿完成任務。<br />\r\n\t崔局長率莊處長、謝士督代表本局至碼頭迎接黃科長、黃上士光榮返國。</span></p>\r\n",2017-05-19 16:23:41
NULL,"<p style=""text-align: center;"">\r\n\t<span style=""font-size:18px;""><img alt=""全局人員高聲歡唱生日快樂歌"" src=""/mno/upload/images/1495066662438.JPEG"" style=""width: 600px; height: 450px;"" /><br />\r\n\t全局人員高聲歡唱生日快樂歌</span><br />\r\n\t\xa0</p>\r\n<p style=""text-align: center;"">\r\n\t<span style=""font-size:18px;""><img alt=""壽星人員吹蠟燭"" src=""/mno/upload/images/1495066671218.JPEG"" style=""width: 600px; height: 450px;"" /><br />\r\n\t壽星人員吹蠟燭</span><br />\r\n\t\xa0</p>\r\n<p style=""text-align: center;"">\r\n\t<span style=""font-size:18px;""><img alt=""壽星人員切生日蛋糕"" src=""/mno/upload/images/1495066683653.JPEG"" style=""width: 600px; height: 450px;"" /><br />\r\n\t壽星人員切生日蛋糕</span><br />\r\n\t\xa0</p>\r\n<p style=""text-align: center;"">\r\n\t<span style=""font-size:18px;""><img alt=""局長於餐會上致詞"" src=""/mno/upload/images/1495066699665.JPEG"" style=""width: 600px; height: 450px;"" /><br />\r\n\t局長於餐會上致詞</span><br />\r\n\t\xa0</p>\r\n<p style=""text-align: center;"">\r\n\t<span style=""font-size:18px;""><img alt=""局長頒贈一兵廖禹涵生日禮金"" src=""/mno/upload/images/1495066695791.JPEG"" style=""width: 600px; height: 450px;"" /><br />\r\n\t局長頒贈一兵廖禹涵生日禮金</span><br />\r\n\t\xa0</p>\r\n<p style=""text-align: center;"">\r\n\t<span style=""font-size:18px;""><img alt=""官兵專心聆聽局長致詞"" src=""/mno/upload/images/1495066679068.JPEG"" style=""width: 600px; height: 450px;"" /><br />\r\n\t官兵專心聆聽局長致詞</span></p>\r\n<p>\r\n\t\xa0</p>\r\n<p>\r\n\t<span style=""font-size:18px;"">為體恤官兵辛勞，凝聚單位向心，本局日前假大八大飯店辦理5月份慶生餐會，崔局長特別對日前執行各項測繪任務及納編敦睦支隊結訓返國官兵表達嘉勉與敬意，同時對辦伙單位之精心安排表達肯定，更勉勵全體官兵能圓滿達成即將到來的演訓任務，發揮堅毅、勇猛、果敢的「大海人」精神。</span></p>\r\n",2017-05-19 16:31:59
NULL,"<p style=""text-align: center;"">\r\n\t<span style=""font-size:18px;""><img alt=""射手專心執行本次射擊訓練"" src=""/mno/upload/images/1495066720163.JPEG"" style=""width: 600px; height: 450px;"" /><br />\r\n\t<span style=""color: rgb(29, 33, 41); font-family: Helvetica, Arial, sans-serif;"">射手專心執行本次射擊訓練</span></span></p>\r\n<p style=""text-align: center;"">\r\n\t\xa0</p>\r\n<p style=""text-align: center;"">\r\n\t<span style=""font-size:18px;""><span style=""color: rgb(29, 33, 41); font-family: Helvetica, Arial, sans-serif;""><img alt=""射手專心凝視前方目標"" src=""/mno/upload/images/1495066714326.JPEG"" style=""width: 600px; height: 450px;"" /></span><br />\r\n\t射手專心凝視前方目標</span></p>\r\n<p style=""text-align: center;"">\r\n\t<span style=""font-size:18px;""><span style=""color: rgb(29, 33, 41); font-family: Helvetica, Arial, sans-serif;""><img alt=""助教於射擊訓練後執行清槍作業"" src=""/mno/upload/images/1495066708258.JPEG"" style=""width: 600px; height: 450px;"" /></span><br />\r\n\t助教於射擊訓練後執行清槍作業</span></p>\r\n<p>\r\n\t\xa0</p>\r\n<p>\r\n\t<span style=""font-size:18px;""><span style=""color: rgb(29, 33, 41); font-family: Helvetica, Arial, sans-serif;"">為精進射擊技能，提升部隊戰力，本局日前於北港靶場實施輕武器實彈射擊訓練。</span><br style=""color: rgb(29, 33, 41); font-family: Helvetica, Arial, sans-serif; font-size: 15px;"" />\r\n\t<span style=""color: rgb(29, 33, 41); font-family: Helvetica, Arial, sans-serif;"">射擊指揮官首先下達安全規定及任務提示，提醒官兵應在「安全第一」的前提下，達成此次射擊訓練。射擊過程中，官兵均聚精會神、充分展現平日勤訓精煉之成果，順利完成此次實彈射擊訓練。</span></span><br />\r\n\t\xa0</p>\r\n",2017-05-19 16:42:41
NULL,"<p style=""text-align: center;"">\r\n\t<img alt=""圖1說明:中央氣象局南區氣象中心闖關活動"" src=""/mno/upload/images/84-2.jpg"" style=""width: 500px; height: 213px;"" /><br />\r\n\t圖1說明:中央氣象局南區氣象中心闖關活動</p>\r\n<p style=""text-align: center;"">\r\n\t<img alt=""圖2說明:本局21日關主們"" src=""/mno/upload/images/1495246726719_1.jpg"" style=""width: 500px; height: 281px;"" /><br />\r\n\t圖2說明:本局21日關主們</p>\r\n<p style=""text-align: center;"">\r\n\t<img alt=""圖3說明:本局22日關主們"" src=""/mno/upload/images/1495356756694.jpg"" style=""width: 500px; height: 375px;"" /><br />\r\n\t圖3說明:本局22日關主們</p>\r\n<p style=""text-align: center;"">\r\n\t<img alt=""圖4說明:小朋友認真拼海圖的模樣"" src=""/mno/upload/images/1495253163188.jpg"" style=""width: 500px; height: 281px;"" /><br />\r\n\t圖4說明:小朋友認真拼海圖的模樣</p>\r\n<p style=""text-align: center;"">\r\n\t<img alt=""圖5說明:家長陪小朋友完成海圖拼圖"" src=""/mno/upload/images/1495337368865.jpg"" style=""width: 500px; height: 375px;"" /><br />\r\n\t圖5說明:家長陪小朋友完成海圖拼圖</p>\r\n<p style=""text-align: center;"">\r\n\t<img alt=""圖6說明:寓教於樂的海圖拼圖活動"" src=""/mno/upload/images/1495337366662.jpg"" style=""width: 500px; height: 667px;"" /><br />\r\n\t圖6說明:寓教於樂的海圖拼圖活動</p>\r\n<p>\r\n\t\xa0</p>\r\n<p>\r\n\t<span style=""font-size:18px;"">本局於這週末(21日、22日)配合中央氣象局南區氣象中心辦理「氣象解密探險王親子闖關活動」，特別準備海圖拼圖供現場小朋友闖關。活動獲小朋友及家長熱烈參與，不僅可於完成拼圖後蓋章通關，亦培養小朋友認識海圖並建立地理空間概念，達到寓教於樂的效果。</span></p>\r\n",2017-05-26 15:49:23
NULL,"<p style=""text-align: center;"">\r\n\t<img alt=""圖1說明: 上課實況(1)"" src=""/mno/upload/images/113015.jpg"" style=""width: 500px; height: 281px;"" /><br />\r\n\t圖1說明: 上課實況(1)</p>\r\n<p style=""text-align: center;"">\r\n\t<img alt=""圖1說明: 上課實況(2)"" src=""/mno/upload/images/113024.jpg"" style=""width: 500px; height: 281px;"" /><br />\r\n\t圖1說明: 上課實況(2)</p>\r\n<p style=""text-align: center;"">\r\n\t\xa0</p>\r\n<p>\r\n\t<span style=""font-size:18px;"">日前(106.05.17)行政院海岸巡防署海岸巡防總局協請本局少校預報長羅明福擔任「海洋氣象概論」授課教官，地點為海岸巡防總局研習中心興達分部，授課對象為軍官正規班第26期，共計28員參與。過程中，羅少校以在海軍執行預報工作經驗進行交流與授課，課間討論熱烈。希藉此專業課程授課提升海岸巡防總局執行海上任務軍官之海洋氣象知識。</span></p>\r\n",2017-05-26 16:13:36
NULL,"<p style=""text-align: center;"">\r\n\t<img alt=""圖1說明:司令黃上將頒贈端節團體獎金"" src=""/mno/upload/images/106-05-17司令黃上將蒞抵大氣海洋局戰備視導暨端節慰問.JPG"" style=""width: 500px; height: 375px;"" /><br />\r\n\t圖1說明:司令黃上將頒贈端節團體獎金</p>\r\n<p style=""text-align: center;"">\r\n\t<img alt=""圖2說明:司令黃上將及重要幹部聆聽單位工作簡報"" src=""/mno/upload/images/DSCN7960.JPG"" style=""width: 500px; height: 375px;"" /><br />\r\n\t圖2說明:司令黃上將及重要幹部聆聽單位工作簡報</p>\r\n<div>\r\n\t<span style=""font-size:18px;"">為慰勉官兵辛勞，同時深入瞭解單位戰備整備及工作情形，司令黃上將日前在政戰主任蔡中將及重要幹部陪同下，蒞抵本局實施端節慰問暨戰備視導。</span></div>\r\n<div>\r\n\t<span style=""font-size:18px;"">司令黃上將除肯定本局有效支援艦隊戰訓任務、人員訓練有素外，並特別提出六項重要指示，勗勉全體官兵恪遵執行：一、時節進入更替之際，應注意官兵心緒反應，以確保人安及物安；二、強化內部管理，與官兵建構良善溝通管道，杜絕爆料文化；三、賡續加強訓練工作，使官兵熟能生巧，俾減少危安因子；四、精進士官制度，培養士官榮譽心，發揮五項核心功能；五、持續加強軍紀營規宣導，落實離營宣教及尿液篩檢工作，防杜違法犯紀事件肇生。</span></div>\r\n<div>\r\n\t<span style=""font-size:18px;"">最後，司令黃上將頒發端節團體獎金，預祝官兵端節愉快，同時期勉全體官兵在既有優良基礎下，賡續發揮堅實戰力與忠義軍風，共同開創璀璨未來。</span></div>\r\n<div>\r\n\t\xa0</div>\r\n",2017-05-26 16:19:24
NULL,"<p style=""text-align: center;"">\r\n\t<img alt=""局長與各級幹部於貴賓室與尹主任暢談"" src=""/mno/upload/images/DSCN8344.jpg"" style=""width: 600px; height: 450px;"" /><br />\r\n\t<span style=""font-size:18px;"">局長與各級幹部於貴賓室與尹主任暢談</span></p>\r\n<p style=""text-align: center;"">\r\n\t<img alt=""尹主任向同仁介紹土石流災害管理及坡地監測技術"" src=""/mno/upload/images/DSCN8361.jpg"" style=""width: 600px; height: 450px;"" /><br />\r\n\t<span style=""font-size:18px;"">尹主任向同仁介紹土石流災害管理及坡地監測技術</span></p>\r\n<p style=""text-align: center;"">\r\n\t<img alt=""局長於課程結束後贈送尹主任本局紀念品"" src=""/mno/upload/images/DSCN8378.jpg"" style=""width: 600px; height: 450px;"" /><br />\r\n\t<span style=""font-size:18px;"">局長於課程結束後贈送尹主任本局紀念品</span></p>\r\n<p>\r\n\t<span style=""font-size:18px;"">日前本局邀請行政院農委會水土保持局尹孝元主任蒞局進行「土石流災害管理及坡地監測技術」簡介，課程中提到，土質鬆動的主因是降雨量增多之故，因此平時應作好水土保持，亦須在地震或雨季來臨前做好防護措施及隨時監控土石狀況。</span></p>\r\n",2017-06-07 08:56:46
NULL,"<p style=""text-align: center;"">\r\n\t<span style=""font-size:18px;""><img alt=""局長與各級幹部於開訓典禮後與108年班學生合影"" src=""/mno/upload/images/IMG_8200.JPG"" style=""width: 600px; height: 400px;"" /><br />\r\n\t局長與各級幹部於開訓典禮後與108年班學生合影</span></p>\r\n<p style=""text-align: center;"">\r\n\t<span style=""font-size:18px;""><img alt=""局長致贈理工學院108年班學生郭敦仁本局局徽徽章"" src=""/mno/upload/images/IMG_8185.JPG"" style=""width: 600px; height: 400px;"" /><br />\r\n\t局長致贈理工學院108年班學生郭敦仁本局局徽徽章</span></p>\r\n<p style=""text-align: center;"">\r\n\t<span style=""font-size:18px;""><img alt=""局長致贈理工環資系108年班學生林修竹本局局徽徽章"" src=""/mno/upload/images/IMG_8187.JPG"" style=""width: 600px; height: 400px;"" /><br />\r\n\t局長致贈理工環資系108年班學生林修竹本局局徽徽章</span></p>\r\n<p style=""text-align: center;"">\r\n\t<span style=""font-size:18px;""><img alt=""局長致贈理工學院108年班學生李侑樺本局局徽徽章"" src=""/mno/upload/images/IMG_8189.JPG"" style=""width: 600px; height: 400px;"" /><br />\r\n\t局長致贈理工學院108年班學生李侑樺本局局徽徽章</span></p>\r\n<p style=""text-align: center;"">\r\n\t<span style=""font-size:18px;""><img alt=""局長致贈理工環資系108年班學生楊正宏本局局徽徽章"" src=""/mno/upload/images/IMG_8191.JPG"" style=""width: 600px; height: 400px;"" /><br />\r\n\t局長致贈理工環資系108年班學生楊正宏本局局徽徽章</span></p>\r\n<p>\r\n\t<span style=""font-size:18px;"">局長崔上校主持國防大學理工學院108年班環境及資訊工程學系空間組暑期實習開訓典禮，期勉學生要保持一顆積極進取的心，並可藉此次暑期實習，得到理論及實務的印證。</span></p>\r\n",2017-06-07 09:08:25
NULL,"<p style=""text-align: center;"">\r\n\t<span style=""font-size:18px;""><img alt=""理工學院學生於參訪左營軍區文物館後合影"" src=""/mno/upload/images/IMG_8389(1).JPG"" style=""width: 600px; height: 400px;"" /><br />\r\n\t<span style=""color: rgb(0, 0, 0); font-family: 微軟正黑體; text-align: center;"">理工學院學生於參訪左營軍區文物館後合影</span></span></p>\r\n<p style=""text-align: center;"">\r\n\t<span style=""font-size:18px;""><span style=""color: rgb(0, 0, 0); font-family: 微軟正黑體; text-align: center;""><img alt=""綜計科長黃少校於隊史館向學生們介紹本局氣象測量模型"" src=""/mno/upload/images/DSCN8493.JPG"" style=""width: 600px; height: 450px;"" /></span><br />\r\n\t<span style=""color: rgb(0, 0, 0); font-family: 微軟正黑體; text-align: center;"">綜計科長黃少校於隊史館向學生們介紹本局氣象測量模型</span></span></p>\r\n<p style=""text-align: center;"">\r\n\t<span style=""font-size:18px;""><span style=""color: rgb(0, 0, 0); font-family: 微軟正黑體; text-align: center;""><img alt=""海發中心林中校向學生們介紹海發中心歷史"" src=""/mno/upload/images/IMG_8333.JPG"" style=""width: 600px; height: 400px;"" /></span><br />\r\n\t<span style=""color: rgb(0, 0, 0); font-family: 微軟正黑體; text-align: center;"">海發中心林中校向學生們介紹海發中心歷史</span></span></p>\r\n<p>\r\n\t<span style=""font-size:18px;""><span style=""color: rgb(0, 0, 0); font-family: 微軟正黑體;"">國防大學理工學院１０８年班環境及資訊工程學系空間組學生於暑期實習期間參訪本局隊史館、海發中心隊史館及左營故事館，藉由此次參訪了解海軍歷史，收穫良多</span></span><br />\r\n\t\xa0</p>\r\n",2017-06-14 09:53:16
NULL,"<p style=""text-align: center;"">\r\n\t<span style=""font-size:18px;""><img alt=""局長崔上校主持理工學生實習結訓典禮"" src=""/mno/upload/images/IMG_8265.JPG"" style=""width: 600px; height: 400px;"" /><br />\r\n\t<span style=""color: rgb(0, 0, 0); font-family: 微軟正黑體; text-align: center;"">局長崔上校主持理工學生實習結訓典禮</span></span></p>\r\n<p style=""text-align: center;"">\r\n\t<span style=""font-size:18px;""><span style=""color: rgb(0, 0, 0); font-family: 微軟正黑體; text-align: center;""><img alt=""學生林修竹進行暑期實習結訓報告"" src=""/mno/upload/images/IMG_8287.JPG"" style=""width: 600px; height: 400px;"" /></span><br />\r\n\t<span style=""color: rgb(0, 0, 0); font-family: 微軟正黑體;"">學生林修竹進行暑期實習結訓報告</span></span></p>\r\n<p style=""text-align: center;"">\r\n\t<span style=""font-size:18px;""><span style=""color: rgb(0, 0, 0); font-family: 微軟正黑體;""><img alt=""本局綜計科長少校傳承測量官科領章給學生李侑樺"" src=""/mno/upload/images/IMG_8189(1).JPG"" style=""width: 600px; height: 400px;"" /></span><br />\r\n\t<span style=""color: rgb(0, 0, 0); font-family: 微軟正黑體;"">本局綜計科長黃榮鋒少校傳承測量官科領章給學生李侑樺</span></span></p>\r\n<p style=""text-align: center;"">\r\n\t<span style=""font-size:18px;""><span style=""color: rgb(0, 0, 0); font-family: 微軟正黑體;""><img alt=""預報科羅明福少校將測量官科領章傳承給學生林修竹"" src=""/mno/upload/images/IMG_8309(1).JPG"" style=""width: 600px; height: 400px;"" /></span><br />\r\n\t<span style=""color: rgb(0, 0, 0); font-family: 微軟正黑體;"">預報科羅明福少校將測量官科領章傳承給學生林修竹</span></span></p>\r\n<p style=""text-align: center;"">\r\n\t<span style=""font-size:18px;""><span style=""color: rgb(0, 0, 0); font-family: 微軟正黑體;""><img alt=""勤務隊長洪國鈞少校將測量官科領章傳承給學生楊正宏"" src=""/mno/upload/images/IMG_8312.JPG"" style=""width: 600px; height: 400px;"" /></span><br />\r\n\t<span style=""color: rgb(0, 0, 0); font-family: 微軟正黑體;"">勤務隊長洪國鈞少校將測量官科領章傳承給學生楊正宏</span></span></p>\r\n<p style=""text-align: center;"">\r\n\t<span style=""font-size:18px;""><span style=""color: rgb(0, 0, 0); font-family: 微軟正黑體;""><img alt=""水環科劉書華上尉將測量官科領章傳承給學生郭敦仁"" src=""/mno/upload/images/IMG_8311.JPG"" style=""width: 600px; height: 400px;"" /></span><br />\r\n\t<span style=""color: rgb(0, 0, 0); font-family: 微軟正黑體;"">水環科劉書華上尉將測量官科領章傳承給學生郭敦仁</span></span></p>\r\n<p>\r\n\t<span style=""font-size:18px;""><span style=""color: rgb(0, 0, 0); font-family: 微軟正黑體;"">國防大學理工學院１０８年班環境及資訊工程學系空間組學生至本局實施暑期實習教育訓練，為使學生得到理論與實務的印證，特規劃氣象、測量、製圖、海洋、聲學等相關課程，學生亦於結訓典禮當天以出色的結訓報告回饋，最後由本局理工學院畢業的軍官代表，以學長的身份取下佩掛在衣領上代表海軍測量官科的領章，依國際海軍傳統，以握手方式傳承給學弟妹們，為此次實習課程畫下完美句點。</span></span><br />\r\n\t </p>\r\n",2017-06-14 10:00:03
NULL,"<p style=""text-align: center;"">\r\n\t<span style=""font-size:18px;""><img alt=""林科長於簽到處簽到"" src=""/mno/upload/images/1496989240944(1).jpg"" style=""width: 600px; height: 399px;"" /><br />\r\n\t<span style=""color: rgb(0, 0, 0); font-family: 微軟正黑體;"">林科長於簽到處簽到</span></span></p>\r\n<p style=""text-align: center;"">\r\n\t<span style=""font-size:18px;""><span style=""color: rgb(0, 0, 0); font-family: 微軟正黑體;""><img alt=""林科長與各與會貴賓一同合影"" src=""/mno/upload/images/1496989235015.jpg"" style=""width: 600px; height: 399px;"" /></span><br />\r\n\t<span style=""color: rgb(0, 0, 0); font-family: 微軟正黑體;"">林科長與各與會貴賓一同合影</span></span></p>\r\n<p style=""text-align: center;"">\r\n\t<span style=""font-size:18px;""><span style=""color: rgb(0, 0, 0); font-family: 微軟正黑體;""><img alt=""林科長與清華大學鍾堅榮譽教授會談"" src=""/mno/upload/images/1496989242771.jpg"" style=""width: 600px; height: 399px;"" /></span><br />\r\n\t<span style=""color: rgb(0, 0, 0); font-family: 微軟正黑體;"">林科長與清華大學鍾堅榮譽教授會談</span></span></p>\r\n<p style=""text-align: center;"">\r\n\t<span style=""font-size:18px;""><span style=""color: rgb(0, 0, 0); font-family: 微軟正黑體;""><img alt=""本局參與人員於研討會會場前合影"" src=""/mno/upload/images/1496989231713.jpg"" style=""width: 600px; height: 399px;"" /></span><br />\r\n\t<span style=""color: rgb(0, 0, 0); font-family: 微軟正黑體;"">本局參與人員於研討會會場前合影</span></span></p>\r\n<p>\r\n\t<span style=""font-size:18px;""><span style=""color: rgb(0, 0, 0); font-family: 微軟正黑體;"">日前本局由數值預報科科長林彥岑中校率劉帝佑上尉、張慈芳少尉、羅彥騰少尉及余宗祐少尉赴空軍航空技術學院參加「第七屆航空科技與飛航安全暨航空與社會學術研討會」，會議結合軍史回顧、資通安全、軍事氣象及論文發表等活動，研討內容豐富多元，契合通識博雅內涵。</span></span><br />\r\n\t\xa0</p>\r\n",2017-06-14 10:05:09
NULL,"<p>\r\n\t\xa0</p>\r\n<p style=""text-align: center;"">\r\n\t<span style=""font-size:18px;""><img alt=""蔡總統蒞本局攤位視導"" src=""/mno/upload/images/1497063559767_1.jpg"" style=""width: 600px; height: 394px;"" /><br />\r\n\t<span style=""color: rgb(0, 0, 0); font-family: 微軟正黑體;"">蔡總統蒞本局攤位視導</span></span></p>\r\n<p style=""text-align: center;"">\r\n\t<span style=""font-size:18px;""><span style=""color: rgb(0, 0, 0); font-family: 微軟正黑體;""><img alt=""水環科長滕運達中校向蔡總統介紹本局展覽內容"" src=""/mno/upload/images/1497060158689.jpg"" style=""width: 600px; height: 800px;"" /></span><br />\r\n\t<span style=""color: rgb(0, 0, 0); font-family: 微軟正黑體;"">水環科長滕運達中校向蔡總統介紹本局展覽內容</span></span></p>\r\n<p style=""text-align: center;"">\r\n\t<span style=""font-size:18px;""><span style=""color: rgb(0, 0, 0); font-family: 微軟正黑體;""><img alt=""滕中校向司令黃上將介紹本局產製之海圖"" src=""/mno/upload/images/1497058382448.jpg"" style=""width: 600px; height: 338px;"" /></span><br />\r\n\t<span style=""color: rgb(0, 0, 0); font-family: 微軟正黑體;"">滕中校向司令黃上將介紹本局產製之海圖</span></span></p>\r\n<p style=""text-align: center;"">\r\n\t<span style=""font-size:18px;""><span style=""color: rgb(0, 0, 0); font-family: 微軟正黑體;""><img alt=""滕中校介紹本局電子海圖系統"" src=""/mno/upload/images/1497058383875.jpg"" style=""width: 600px; height: 338px;"" /></span><br />\r\n\t<span style=""color: rgb(0, 0, 0); font-family: 微軟正黑體;"">滕中校介紹本局電子海圖系統</span></span></p>\r\n<p style=""text-align: center;"">\r\n\t<span style=""font-size:18px;""><span style=""color: rgb(0, 0, 0); font-family: 微軟正黑體;""><img alt=""滕中校代表本局受贈感謝狀"" src=""/mno/upload/images/1497062998472.jpg"" style=""width: 600px; height: 800px;"" /></span><br />\r\n\t<span style=""color: rgb(0, 0, 0); font-family: 微軟正黑體;"">滕中校代表本局受贈感謝狀</span></span></p>\r\n<p style=""text-align: center;"">\r\n\t<span style=""font-size:18px;""><span style=""color: rgb(0, 0, 0); font-family: 微軟正黑體;""><img alt=""106年度世界海洋日圓滿成功，本局獲贈感謝狀"" src=""/mno/upload/images/1497062996364.jpg"" style=""width: 600px; height: 800px;"" /></span><br />\r\n\t<span style=""color: rgb(0, 0, 0); font-family: 微軟正黑體;"">106年度世界海洋日圓滿成功，本局獲贈感謝狀</span></span></p>\r\n<p>\r\n\t<span style=""font-size:18px;""><span style=""color: rgb(0, 0, 0); font-family: 微軟正黑體;"">本局日前接受海巡署北部地區巡防局邀請參加『106年度世界海洋日』，本局以臺灣海底地形模型及電子海圖導航系統介紹我國海軍在台灣周邊海洋環境的經營，另以小型水下無人載具展示水下偵蒐及港灣搜救的能量，最後在活動圓滿結束之際，由水環科科長滕運達中校代表受贈感謝狀。</span></span><br />\r\n\t\xa0</p>\r\n",2017-06-14 10:11:53
NULL,"<p>\r\n\t\xa0</p>\r\n<p style=""text-align: center;"">\r\n\t<span style=""font-size:18px;""><img alt=""交通部航港局謝局長致贈紀念品"" src=""/mno/upload/images/DSC_0604.JPG"" style=""width: 600px; height: 338px;"" /><br />\r\n\t<span style=""color: rgb(0, 0, 0); font-family: 微軟正黑體;"">交通部航港局謝局長致贈紀念品</span></span></p>\r\n<p style=""text-align: center;"">\r\n\t<span style=""font-size:18px;""><span style=""color: rgb(0, 0, 0); font-family: 微軟正黑體;""><img alt=""局長介紹本局業務，並對海及交流"" src=""/mno/upload/images/DSC_0616.JPG"" style=""width: 600px; height: 338px;"" /></span><br />\r\n\t<span style=""color: rgb(0, 0, 0); font-family: 微軟正黑體;"">局長介紹本局業務，並對海及交流</span></span></p>\r\n<p style=""box-sizing: border-box; color: rgb(0, 0, 0); font-family: 微軟正黑體; font-size: 18px;"">\r\n\t<span style=""font-size:18px;"">局長崔上校日前率隊赴交通部航港局拜會局長謝謂君博士。會中除簡介本局業務外，亦對航安、港口維運、海圖政策等議題有諸多交流。席間與長官們交談甚歡，本局亦獲得豐碩回饋。<br style=""box-sizing: border-box;"" />\r\n\t交通部航港局亦公告自106年9月1日起，將我國官方最新海圖版本納入船旗國檢查(FSC)及港口國檢查(PSC)項目，以維航安。</span></p>\r\n<p style=""box-sizing: border-box; color: rgb(0, 0, 0); font-family: 微軟正黑體; font-size: 18px;"">\r\n\t<span style=""font-size:18px;"">海軍大氣海洋局海圖訂購：<br style=""box-sizing: border-box;"" />\r\n\t專線：(07)5873246<br style=""box-sizing: border-box;"" />\r\n\t信箱：marisafety@mail.cnmoo.mnd.gov.tw<br style=""box-sizing: border-box;"" />\r\n\t網址：http://cnmoo.mnd.gov.tw/shop-item.php</span></p>\r\n<p>\r\n\t\xa0</p>\r\n<p>\r\n\t\xa0</p>\r\n",2017-06-14 10:15:19

